no,name,base_name,costume,rarity,weapon_type,cover,role,position,class_type,school,attack_type,defense_type,street_adaptation,outdoor_adaptation,indoor_adaptation,range,equipment1,equipment2,equipment3,recruit_type,obtain_type,icon_file,icon_label,wiki_url
1,アイリ（バンド）,アイリ,バンド,★1,SMG,○,STRIKER,FRONT,アタッカー,トリニティ,爆発,特殊装甲,3B,2A,5D,550,帽子,ヘアピン,お守り,-,○,icon/アイリ（バンド）.png,アイリ（バンド）,https://bluearchive.wikiru.jp/?%E3%82%A2%E3%82%A4%E3%83%AA%EF%BC%88%E3%83%90%E3%83%B3%E3%83%89%EF%BC%89
2,アオバ,アオバ,,★1,SG,×,STRIKER,FRONT,タンク,ハイランダー,振動,軽装備,3B,4C,2A,350,シューズ,バッグ,お守り,-,◇,icon/アオバ.png,アオバ,https://bluearchive.wikiru.jp/?%E3%82%A2%E3%82%AA%E3%83%90
3,アスナ,アスナ,,★1,AR,○,STRIKER,MIDDLE,アタッカー,ミレニアム,神秘,軽装備,3B,3B,3B,650,グローブ,ヘアピン,腕時計,○,○,icon/アスナ.png,アスナ,https://bluearchive.wikiru.jp/?%E3%82%A2%E3%82%B9%E3%83%8A
4,アツコ（水着）,アツコ,水着,★1,SMG,×,SPECIAL,BACK,ヒーラー,アリウス,振動,特殊装甲,3B,3B,3B,1000,シューズ,バッジ,ネックレス,-,◇,icon/アツコ（水着）.png,アツコ（水着）,https://bluearchive.wikiru.jp/?%E3%82%A2%E3%83%84%E3%82%B3%EF%BC%88%E6%B0%B4%E7%9D%80%EF%BC%89
5,アヤネ（水着）,アヤネ,水着,★1,HG,×,SPECIAL,BACK,T.S,アビドス,貫通,軽装備,4C,2A,3B,1000,グローブ,バッグ,腕時計,-,○,icon/アヤネ（水着）.png,アヤネ（水着）,https://bluearchive.wikiru.jp/?%E3%82%A2%E3%83%A4%E3%83%8D%EF%BC%88%E6%B0%B4%E7%9D%80%EF%BC%89
6,イズミ（水着）,イズミ,水着,★1,MG,×,STRIKER,BACK,サポーター,ゲヘナ,爆発,軽装備,3B,2A,4C,750,シューズ,バッグ,ネックレス,-,○,icon/イズミ（水着）.png,イズミ（水着）,https://bluearchive.wikiru.jp/?%E3%82%A4%E3%82%BA%E3%83%9F%EF%BC%88%E6%B0%B4%E7%9D%80%EF%BC%89
7,イチカ（水着）,イチカ,水着,★1,AR,×,SPECIAL,BACK,サポーター,トリニティ,振動,特殊装甲,2A,3B,4C,1000,グローブ,バッグ,腕時計,-,◇,icon/イチカ（水着）.png,イチカ（水着）,https://bluearchive.wikiru.jp/?%E3%82%A4%E3%83%81%E3%82%AB%EF%BC%88%E6%B0%B4%E7%9D%80%EF%BC%89
8,イブキ,イブキ,,★1,AR,○,STRIKER,MIDDLE,サポーター,ゲヘナ,神秘,重装甲,4C,3B,2A,650,グローブ,ヘアピン,ネックレス,-,◇,icon/イブキ_icon2.png,イブキ_icon2,https://bluearchive.wikiru.jp/?%E3%82%A4%E3%83%96%E3%82%AD
9,オトギ,オトギ,,★1,SR,○,STRIKER,BACK,アタッカー,SRT,爆発,特殊装甲,3B,3B,3B,750,グローブ,ヘアピン,腕時計,-,○,icon/オトギ_icon2.png,オトギ_icon2,https://bluearchive.wikiru.jp/?%E3%82%AA%E3%83%88%E3%82%AE
10,カリン（制服）,カリン,制服,★1,SR,×,SPECIAL,BACK,アタッカー,ミレニアム,爆発,重装甲,3B,2A,4C,1000,帽子,ヘアピン,腕時計,-,◇,icon/カリン（制服）.png,カリン（制服）,https://bluearchive.wikiru.jp/?%E3%82%AB%E3%83%AA%E3%83%B3%EF%BC%88%E5%88%B6%E6%9C%8D%EF%BC%89
11,キリノ（水着）,キリノ,水着,★1,HG,×,SPECIAL,BACK,サポーター,ヴァルキューレ,神秘,重装甲,3B,3B,3B,1000,シューズ,バッジ,腕時計,-,◇,icon/キリノ（水着）.png,キリノ（水着）,https://bluearchive.wikiru.jp/?%E3%82%AD%E3%83%AA%E3%83%8E%EF%BC%88%E6%B0%B4%E7%9D%80%EF%BC%89
12,コタマ,コタマ,,★1,HG,×,SPECIAL,BACK,サポーター,ミレニアム,爆発,軽装備,2A,4C,3B,1000,シューズ,ヘアピン,ネックレス,○,○,icon/コタマ.png,コタマ,https://bluearchive.wikiru.jp/?%E3%82%B3%E3%82%BF%E3%83%9E
13,コトリ,コトリ,,★1,MG,×,STRIKER,BACK,サポーター,ミレニアム,貫通,軽装備,3B,3B,3B,750,シューズ,ヘアピン,ネックレス,○,○,icon/コトリ.png,コトリ,https://bluearchive.wikiru.jp/?%E3%82%B3%E3%83%88%E3%83%AA
14,コハル（水着）,コハル,水着,★1,SR,○,STRIKER,BACK,アタッカー,トリニティ,神秘,重装甲,3B,3B,3B,750,グローブ,ヘアピン,腕時計,-,○,icon/コハル（水着）.png,コハル（水着）,https://bluearchive.wikiru.jp/?%E3%82%B3%E3%83%8F%E3%83%AB%EF%BC%88%E6%B0%B4%E7%9D%80%EF%BC%89
15,シズコ（水着）,シズコ,水着,★1,SG,×,SPECIAL,BACK,サポーター,百鬼夜行,神秘,重装甲,3B,3B,3B,1000,シューズ,バッジ,ネックレス,-,○,icon/シズコ（水着）.png,シズコ（水着）,https://bluearchive.wikiru.jp/?%E3%82%B7%E3%82%BA%E3%82%B3%EF%BC%88%E6%B0%B4%E7%9D%80%EF%BC%89
16,シミコ,シミコ,,★1,AR,×,SPECIAL,BACK,サポーター,トリニティ,爆発,軽装備,4C,2A,3B,1000,シューズ,ヘアピン,ネックレス,○,○,icon/シミコ.png,シミコ,https://bluearchive.wikiru.jp/?%E3%82%B7%E3%83%9F%E3%82%B3
17,ジュリ,ジュリ,,★1,SG,×,SPECIAL,BACK,サポーター,ゲヘナ,爆発,軽装備,4C,3B,2A,1000,シューズ,ヘアピン,ネックレス,○,○,icon/ジュリ.png,ジュリ,https://bluearchive.wikiru.jp/?%E3%82%B8%E3%83%A5%E3%83%AA
18,ジュンコ（正月）,ジュンコ,正月,★1,AR,○,STRIKER,MIDDLE,アタッカー,ゲヘナ,神秘,重装甲,3B,3B,3B,650,帽子,ヘアピン,腕時計,-,○,icon/ジュンコ（正月）.png,ジュンコ（正月）,https://bluearchive.wikiru.jp/?%E3%82%B8%E3%83%A5%E3%83%B3%E3%82%B3%EF%BC%88%E6%AD%A3%E6%9C%88%EF%BC%89
19,スズミ,スズミ,,★1,AR,○,STRIKER,MIDDLE,サポーター,トリニティ,爆発,重装甲,3B,3B,3B,650,シューズ,ヘアピン,ネックレス,○,○,icon/スズミ.png,スズミ,https://bluearchive.wikiru.jp/?%E3%82%B9%E3%82%BA%E3%83%9F
20,セリナ,セリナ,,★1,AR,×,SPECIAL,BACK,ヒーラー,トリニティ,神秘,軽装備,2A,4C,3B,1000,シューズ,ヘアピン,ネックレス,○,○,icon/セリナ.png,セリナ,https://bluearchive.wikiru.jp/?%E3%82%BB%E3%83%AA%E3%83%8A
21,チアキ（水着）,チアキ,水着,★1,SR,×,SPECIAL,BACK,アタッカー,ゲヘナ,貫通,重装甲,3B,2A,4C,1000,帽子,ヘアピン,腕時計,-,◇,icon/チアキ（水着）.png,チアキ（水着）,https://bluearchive.wikiru.jp/?%E3%83%81%E3%82%A2%E3%82%AD%EF%BC%88%E6%B0%B4%E7%9D%80%EF%BC%89
22,チナツ,チナツ,,★1,HG,×,SPECIAL,BACK,ヒーラー,ゲヘナ,貫通,軽装備,3B,3B,3B,1000,シューズ,ヘアピン,ネックレス,○,○,icon/チナツ.png,チナツ,https://bluearchive.wikiru.jp/?%E3%83%81%E3%83%8A%E3%83%84
23,ツルギ（水着）,ツルギ,水着,★1,SG,×,STRIKER,FRONT,アタッカー,トリニティ,神秘,特殊装甲,3B,4C,2A,450,シューズ,バッグ,お守り,-,○,icon/ツルギ_水着.png,ツルギ_水着,https://bluearchive.wikiru.jp/?%E3%83%84%E3%83%AB%E3%82%AE%EF%BC%88%E6%B0%B4%E7%9D%80%EF%BC%89
24,トキ（臨戦）,トキ,臨戦,★1,HG,○,STRIKER,MIDDLE,サポーター,ミレニアム,貫通,軽装備,2A,3B,4C,550,帽子,ヘアピン,ネックレス,-,○,icon/トキ（臨戦）.png,トキ（臨戦）,https://bluearchive.wikiru.jp/?%E3%83%88%E3%82%AD%EF%BC%88%E8%87%A8%E6%88%A6%EF%BC%89
25,トモエ,トモエ,,★1,SR,○,STRIKER,BACK,サポーター,レッドウィンター,貫通,特殊装甲,4C,3B,2A,750,グローブ,バッジ,腕時計,-,○,icon/トモエ_仮icon.png,トモエ_仮icon,https://bluearchive.wikiru.jp/?%E3%83%88%E3%83%A2%E3%82%A8
26,ノドカ,ノドカ,,★1,SMG,×,SPECIAL,BACK,サポーター,レッドウィンター,爆発,重装甲,3B,3B,3B,1000,グローブ,ヘアピン,ネックレス,-,○,icon/ノドカ.png,ノドカ,https://bluearchive.wikiru.jp/?%E3%83%8E%E3%83%89%E3%82%AB
27,ハスミ（体操服）,ハスミ,体操服,★1,SR,○,STRIKER,BACK,アタッカー,トリニティ,神秘,特殊装甲,3B,4C,2A,850,帽子,ヘアピン,腕時計,-,○,icon/ハスミ（体操服）.png,ハスミ（体操服）,https://bluearchive.wikiru.jp/?%E3%83%8F%E3%82%B9%E3%83%9F%EF%BC%88%E4%BD%93%E6%93%8D%E6%9C%8D%EF%BC%89
28,ハルカ,ハルカ,,★1,SG,×,STRIKER,FRONT,タンク,ゲヘナ,爆発,軽装備,4C,3B,2A,350,シューズ,バッグ,お守り,○,○,icon/ハルカ.png,ハルカ,https://bluearchive.wikiru.jp/?%E3%83%8F%E3%83%AB%E3%82%AB
29,ヒビキ（応援団）,ヒビキ,応援団,★1,MT,×,STRIKER,BACK,アタッカー,ミレニアム,爆発,軽装備,3B,4C,2A,850,グローブ,ヘアピン,腕時計,-,○,icon/ヒビキ（応援団）.png,ヒビキ（応援団）,https://bluearchive.wikiru.jp/?%E3%83%92%E3%83%93%E3%82%AD%EF%BC%88%E5%BF%9C%E6%8F%B4%E5%9B%A3%EF%BC%89
30,フィーナ,フィーナ,,★1,MG,×,STRIKER,BACK,アタッカー,百鬼夜行,貫通,軽装備,2A,3B,4C,750,グローブ,ヘアピン,腕時計,○,○,icon/フィーナ.png,フィーナ,https://bluearchive.wikiru.jp/?%E3%83%95%E3%82%A3%E3%83%BC%E3%83%8A
31,フブキ,フブキ,,★1,SR,○,STRIKER,BACK,アタッカー,ヴァルキューレ,貫通,重装甲,2A,3B,4C,750,帽子,ヘアピン,腕時計,-,○,icon/フブキ.png,フブキ,https://bluearchive.wikiru.jp/?%E3%83%95%E3%83%96%E3%82%AD
32,ミチル,ミチル,,★1,SG,×,STRIKER,FRONT,アタッカー,百鬼夜行,神秘,軽装備,3B,3B,3B,450,帽子,ヘアピン,腕時計,-,○,icon/ミチル.png,ミチル,https://bluearchive.wikiru.jp/?%E3%83%9F%E3%83%81%E3%83%AB
33,ミネ（アイドル）,ミネ,アイドル,★1,SG,×,STRIKER,FRONT,タンク,トリニティ,爆発,重装甲,3B,3B,3B,350,シューズ,バッグ,お守り,-,◇,icon/ミネ（アイドル）.png,ミネ（アイドル）,https://bluearchive.wikiru.jp/?%E3%83%9F%E3%83%8D%EF%BC%88%E3%82%A2%E3%82%A4%E3%83%89%E3%83%AB%EF%BC%89
34,ミユ（水着）,ミユ,水着,★1,SR,×,SPECIAL,BACK,アタッカー,SRT,爆発,軽装備,4C,3B,2A,1000,帽子,ヘアピン,腕時計,-,○,icon/ミユ（水着）.png,ミユ（水着）,https://bluearchive.wikiru.jp/?%E3%83%9F%E3%83%A6%EF%BC%88%E6%B0%B4%E7%9D%80%EF%BC%89
35,ユズ（メイド）,ユズ,メイド,★1,GL,×,SPECIAL,BACK,アタッカー,ミレニアム,爆発,弾力装甲,3B,4C,2A,1000,グローブ,バッジ,腕時計,-,○,icon/ユズ（メイド）.png,ユズ（メイド）,https://bluearchive.wikiru.jp/?%E3%83%A6%E3%82%BA%EF%BC%88%E3%83%A1%E3%82%A4%E3%83%89%EF%BC%89
36,ヨシミ,ヨシミ,,★1,AR,×,SPECIAL,BACK,アタッカー,トリニティ,貫通,重装甲,3B,3B,3B,1000,帽子,ヘアピン,腕時計,○,○,icon/ヨシミ.png,ヨシミ,https://bluearchive.wikiru.jp/?%E3%83%A8%E3%82%B7%E3%83%9F
37,ラブ,ラブ,,★1,SG,×,STRIKER,FRONT,アタッカー,トリニティ,振動,特殊装甲,2A,3B,4C,450,グローブ,ヘアピン,腕時計,-,◇,icon/ラブ.png,ラブ,https://bluearchive.wikiru.jp/?%E3%83%A9%E3%83%96
38,佐天涙子,佐天涙子,,★1,SMG,×,SPECIAL,BACK,アタッカー,柵川中学,貫通,特殊装甲,4C,2A,3B,1500,帽子,バッグ,ネックレス,-,◇,icon/佐天涙子.png,佐天涙子,https://bluearchive.wikiru.jp/?%E4%BD%90%E5%A4%A9%E6%B6%99%E5%AD%90
39,アイリ,アイリ,,★2,SMG,×,SPECIAL,BACK,サポーター,トリニティ,爆発,軽装備,2A,5D,2A,1000,シューズ,ヘアピン,ネックレス,○,○,icon/アイリ.png,アイリ,https://bluearchive.wikiru.jp/?%E3%82%A2%E3%82%A4%E3%83%AA
40,アカネ,アカネ,,★2,HG,○,STRIKER,MIDDLE,サポーター,ミレニアム,貫通,軽装備,2A,2A,5D,550,シューズ,ヘアピン,ネックレス,○,○,icon/アカネ.png,アカネ,https://bluearchive.wikiru.jp/?%E3%82%A2%E3%82%AB%E3%83%8D
41,アカリ,アカリ,,★2,AR,○,STRIKER,MIDDLE,アタッカー,ゲヘナ,爆発,重装甲,2A,3B,3B,650,帽子,ヘアピン,腕時計,○,○,icon/アカリ.png,アカリ,https://bluearchive.wikiru.jp/?%E3%82%A2%E3%82%AB%E3%83%AA
42,アヤネ,アヤネ,,★2,HG,×,SPECIAL,BACK,ヒーラー,アビドス,貫通,軽装備,5D,2A,2A,1000,シューズ,ヘアピン,ネックレス,○,○,icon/アヤネ.png,アヤネ,https://bluearchive.wikiru.jp/?%E3%82%A2%E3%83%A4%E3%83%8D
43,ウタハ,ウタハ,,★2,SMG,×,SPECIAL,BACK,アタッカー,ミレニアム,貫通,重装甲,2A,5D,2A,1000,グローブ,ヘアピン,腕時計,○,○,icon/ウタハ.png,ウタハ,https://bluearchive.wikiru.jp/?%E3%82%A6%E3%82%BF%E3%83%8F
44,カヨコ,カヨコ,,★2,HG,○,STRIKER,MIDDLE,サポーター,ゲヘナ,爆発,重装甲,2A,5D,2A,550,シューズ,ヘアピン,ネックレス,○,○,icon/カヨコ.png,カヨコ,https://bluearchive.wikiru.jp/?%E3%82%AB%E3%83%A8%E3%82%B3
45,キリノ,キリノ,,★2,HG,○,STRIKER,MIDDLE,サポーター,ヴァルキューレ,爆発,特殊装甲,5D,2A,2A,550,シューズ,バッジ,お守り,○,○,icon/キリノ.png,キリノ,https://bluearchive.wikiru.jp/?%E3%82%AD%E3%83%AA%E3%83%8E
46,シズコ,シズコ,,★2,SG,×,SPECIAL,BACK,サポーター,百鬼夜行,神秘,特殊装甲,2A,2A,3B,1000,シューズ,ヘアピン,ネックレス,○,○,icon/シズコ.png,シズコ,https://bluearchive.wikiru.jp/?%E3%82%B7%E3%82%BA%E3%82%B3
47,ジュンコ,ジュンコ,,★2,AR,○,STRIKER,MIDDLE,アタッカー,ゲヘナ,貫通,軽装備,3B,2A,3B,650,帽子,ヘアピン,腕時計,○,○,icon/ジュンコ.png,ジュンコ,https://bluearchive.wikiru.jp/?%E3%82%B8%E3%83%A5%E3%83%B3%E3%82%B3
48,セリカ,セリカ,,★2,AR,○,STRIKER,MIDDLE,アタッカー,アビドス,爆発,軽装備,2A,5D,2A,650,グローブ,ヘアピン,腕時計,○,○,icon/セリカ.png,セリカ,https://bluearchive.wikiru.jp/?%E3%82%BB%E3%83%AA%E3%82%AB
49,チセ,チセ,,★2,GL,○,STRIKER,MIDDLE,アタッカー,百鬼夜行,神秘,重装甲,2A,5D,2A,650,グローブ,ヘアピン,腕時計,○,○,icon/チセ.png,チセ,https://bluearchive.wikiru.jp/?%E3%83%81%E3%82%BB
50,ツバキ,ツバキ,,★2,SMG,×,STRIKER,FRONT,タンク,百鬼夜行,貫通,特殊装甲,2A,2A,5D,350,シューズ,バッグ,お守り,○,○,icon/ツバキ.png,ツバキ,https://bluearchive.wikiru.jp/?%E3%83%84%E3%83%90%E3%82%AD
51,ノノミ,ノノミ,,★2,MG,×,STRIKER,BACK,アタッカー,アビドス,貫通,軽装備,2A,2A,5D,750,帽子,ヘアピン,腕時計,-,○,icon/ノノミ.png,ノノミ,https://bluearchive.wikiru.jp/?%E3%83%8E%E3%83%8E%E3%83%9F
52,ハスミ,ハスミ,,★2,SR,○,STRIKER,BACK,アタッカー,トリニティ,貫通,重装甲,3B,2A,3B,750,帽子,ヘアピン,腕時計,○,○,icon/ハスミ.png,ハスミ,https://bluearchive.wikiru.jp/?%E3%83%8F%E3%82%B9%E3%83%9F
53,ハナエ,ハナエ,,★2,AR,×,SPECIAL,BACK,ヒーラー,トリニティ,爆発,重装甲,2A,5D,2A,1000,シューズ,ヘアピン,ネックレス,○,○,icon/ハナエ.png,ハナエ,https://bluearchive.wikiru.jp/?%E3%83%8F%E3%83%8A%E3%82%A8
54,ハナコ,ハナコ,,★2,AR,×,SPECIAL,BACK,ヒーラー,トリニティ,貫通,特殊装甲,2A,5D,2A,1000,シューズ,ヘアピン,ネックレス,○,○,icon/ハナコ.png,ハナコ,https://bluearchive.wikiru.jp/?%E3%83%8F%E3%83%8A%E3%82%B3
55,ハレ,ハレ,,★2,AR,×,SPECIAL,BACK,サポーター,ミレニアム,爆発,軽装備,2A,3B,3B,1000,シューズ,ヘアピン,ネックレス,○,○,icon/ハレ.png,ハレ,https://bluearchive.wikiru.jp/?%E3%83%8F%E3%83%AC
56,フウカ,フウカ,,★2,SMG,×,SPECIAL,BACK,ヒーラー,ゲヘナ,爆発,重装甲,2A,2A,4C,1000,シューズ,ヘアピン,ネックレス,○,○,icon/フウカ.png,フウカ,https://bluearchive.wikiru.jp/?%E3%83%95%E3%82%A6%E3%82%AB
57,マリー,マリー,,★2,HG,×,SPECIAL,BACK,サポーター,トリニティ,神秘,特殊装甲,5D,2A,2A,1000,グローブ,バッグ,ネックレス,○,○,icon/マリー.png,マリー,https://bluearchive.wikiru.jp/?%E3%83%9E%E3%83%AA%E3%83%BC
58,ムツキ,ムツキ,,★2,MG,×,STRIKER,BACK,アタッカー,ゲヘナ,爆発,軽装備,2A,2A,5D,750,帽子,ヘアピン,腕時計,○,○,icon/ムツキ.png,ムツキ,https://bluearchive.wikiru.jp/?%E3%83%A0%E3%83%84%E3%82%AD
59,モミジ,モミジ,,★2,RL,○,STRIKER,BACK,アタッカー,レッドウィンター,振動,重装甲,2A,2A,5D,850,帽子,ヘアピン,腕時計,○,○,icon/モミジ_icon2.png,モミジ_icon2,https://bluearchive.wikiru.jp/?%E3%83%A2%E3%83%9F%E3%82%B8
60,モモイ,モモイ,,★2,AR,○,STRIKER,MIDDLE,アタッカー,ミレニアム,貫通,軽装備,2A,2A,5D,650,シューズ,ヘアピン,腕時計,○,○,icon/モモイ.png,モモイ,https://bluearchive.wikiru.jp/?%E3%83%A2%E3%83%A2%E3%82%A4
61,ユウカ,ユウカ,,★2,SMG,○,STRIKER,FRONT,タンク,ミレニアム,爆発,重装甲,3B,3B,2A,350,シューズ,バッジ,お守り,○,○,icon/ユウカ.png,ユウカ,https://bluearchive.wikiru.jp/?%E3%83%A6%E3%82%A6%E3%82%AB
62,レンゲ（水着）,レンゲ,水着,★2,SR,○,STRIKER,BACK,アタッカー,百鬼夜行,振動,特殊装甲,2A,3B,4C,750,帽子,ヘアピン,腕時計,○,-,icon/レンゲ（水着）.png,レンゲ（水着）,https://bluearchive.wikiru.jp/?%E3%83%AC%E3%83%B3%E3%82%B2%EF%BC%88%E6%B0%B4%E7%9D%80%EF%BC%89
63,アカネ（バニーガール）,アカネ,バニーガール,★3,HG,×,SPECIAL,BACK,アタッカー,ミレニアム,神秘,重装甲,3B,5D,1S,1000,帽子,ヘアピン,腕時計,○,-,icon/アカネ（バニーガール）.png,アカネ（バニーガール）,https://bluearchive.wikiru.jp/?%E3%82%A2%E3%82%AB%E3%83%8D%EF%BC%88%E3%83%90%E3%83%8B%E3%83%BC%E3%82%AC%E3%83%BC%E3%83%AB%EF%BC%89
64,アカネ（制服）,アカネ,制服,★3,HG,×,SPECIAL,BACK,アタッカー,ミレニアム,爆発,軽装備,1S,3B,5D,1000,帽子,バッグ,腕時計,○,-,icon/アカネ（制服）.png,アカネ（制服）,https://bluearchive.wikiru.jp/?%E3%82%A2%E3%82%AB%E3%83%8D%EF%BC%88%E5%88%B6%E6%9C%8D%EF%BC%89
65,アカリ（正月）,アカリ,正月,★3,AR,×,SPECIAL,BACK,T.S,ゲヘナ,神秘,特殊装甲,3B,1S,5D,1000,シューズ,バッグ,腕時計,○,-,icon/アカリ（正月）.png,アカリ（正月）,https://bluearchive.wikiru.jp/?%E3%82%A2%E3%82%AB%E3%83%AA%EF%BC%88%E6%AD%A3%E6%9C%88%EF%BC%89
66,アコ,アコ,,★3,HG,×,SPECIAL,BACK,サポーター,ゲヘナ,神秘,重装甲,5D,3B,1S,1000,グローブ,バッジ,ネックレス,●,-,icon/アコ_仮icon.png,アコ_仮icon,https://bluearchive.wikiru.jp/?%E3%82%A2%E3%82%B3
67,アコ（ドレス）,アコ,ドレス,★3,HG,○,STRIKER,MIDDLE,サポーター,ゲヘナ,爆発,特殊装甲,5D,1S,3B,550,シューズ,ヘアピン,腕時計,◇,-,icon/アコ（ドレス）.png,アコ（ドレス）,https://bluearchive.wikiru.jp/?%E3%82%A2%E3%82%B3%EF%BC%88%E3%83%89%E3%83%AC%E3%82%B9%EF%BC%89
68,アズサ,アズサ,,★3,AR,○,STRIKER,MIDDLE,アタッカー,トリニティ,爆発,重装甲,3B,5D,1S,650,グローブ,ヘアピン,腕時計,●,○,icon/アズサ.png,アズサ,https://bluearchive.wikiru.jp/?%E3%82%A2%E3%82%BA%E3%82%B5
69,アズサ（水着）,アズサ,水着,★3,AR,○,STRIKER,MIDDLE,アタッカー,トリニティ,神秘,軽装備,4C,4C,1S,650,グローブ,ヘアピン,腕時計,◇,-,icon/アズサ_水着.png,アズサ_水着,https://bluearchive.wikiru.jp/?%E3%82%A2%E3%82%BA%E3%82%B5%EF%BC%88%E6%B0%B4%E7%9D%80%EF%BC%89
70,アスナ（バニーガール）,アスナ,バニーガール,★3,AR,○,STRIKER,MIDDLE,サポーター,ミレニアム,神秘,軽装備,5D,3B,1S,650,グローブ,バッジ,腕時計,●,○,icon/アスナ（バニーガール）.png,アスナ（バニーガール）,https://bluearchive.wikiru.jp/?%E3%82%A2%E3%82%B9%E3%83%8A%EF%BC%88%E3%83%90%E3%83%8B%E3%83%BC%E3%82%AC%E3%83%BC%E3%83%AB%EF%BC%89
71,アスナ（制服）,アスナ,制服,★3,AR,○,STRIKER,MIDDLE,サポーター,ミレニアム,爆発,重装甲,3B,1S,5D,650,グローブ,ヘアピン,ネックレス,◇,-,icon/アスナ（制服）.png,アスナ（制服）,https://bluearchive.wikiru.jp/?%E3%82%A2%E3%82%B9%E3%83%8A%EF%BC%88%E5%88%B6%E6%9C%8D%EF%BC%89
72,アツコ,アツコ,,★3,SMG,○,STRIKER,FRONT,タンク,アリウス,爆発,特殊装甲,3B,5D,1S,350,シューズ,バッジ,ネックレス,○,-,icon/アツコ.png,アツコ,https://bluearchive.wikiru.jp/?%E3%82%A2%E3%83%84%E3%82%B3
73,アリス,アリス,,★3,RG,×,STRIKER,BACK,アタッカー,ミレニアム,神秘,特殊装甲,3B,5D,1S,850,帽子,ヘアピン,お守り,●,○,icon/アリス.png,アリス,https://bluearchive.wikiru.jp/?%E3%82%A2%E3%83%AA%E3%82%B9
74,アリス（メイド）,アリス,メイド,★3,RG,×,STRIKER,BACK,アタッカー,ミレニアム,神秘,軽装備,1S,3B,5D,850,帽子,ヘアピン,腕時計,○,-,icon/アリス（メイド）.png,アリス（メイド）,https://bluearchive.wikiru.jp/?%E3%82%A2%E3%83%AA%E3%82%B9%EF%BC%88%E3%83%A1%E3%82%A4%E3%83%89%EF%BC%89
75,アリス（臨戦）,アリス,臨戦,★3,AR,×,STRIKER,MIDDLE,アタッカー,ミレニアム,神秘,複合装甲,1S,5D,2A,650,帽子,ヘアピン,腕時計,☆,-,icon/アリス（臨戦）.png,アリス（臨戦）,https://bluearchive.wikiru.jp/?%E3%82%A2%E3%83%AA%E3%82%B9%EF%BC%88%E8%87%A8%E6%88%A6%EF%BC%89
76,アル,アル,,★3,SR,○,STRIKER,BACK,アタッカー,ゲヘナ,爆発,軽装備,1S,3B,5D,750,帽子,ヘアピン,腕時計,●,○,icon/アル.png,アル,https://bluearchive.wikiru.jp/?%E3%82%A2%E3%83%AB
77,アル（正月）,アル,正月,★3,SR,○,STRIKER,BACK,アタッカー,ゲヘナ,貫通,特殊装甲,5D,3B,1S,750,帽子,ヘアピン,腕時計,◇,-,icon/アル（正月）.png,アル（正月）,https://bluearchive.wikiru.jp/?%E3%82%A2%E3%83%AB%EF%BC%88%E6%AD%A3%E6%9C%88%EF%BC%89
78,アル（ドレス）,アル,ドレス,★3,SR,○,STRIKER,BACK,サポーター,ゲヘナ,貫通,重装甲,5D,3B,1S,750,帽子,ヘアピン,ネックレス,○,-,icon/アル（ドレス）.png,アル（ドレス）,https://bluearchive.wikiru.jp/?%E3%82%A2%E3%83%AB%EF%BC%88%E3%83%89%E3%83%AC%E3%82%B9%EF%BC%89
79,イオリ,イオリ,,★3,SR,○,STRIKER,BACK,アタッカー,ゲヘナ,貫通,重装甲,4C,4C,1S,650,帽子,ヘアピン,腕時計,●,○,icon/イオリ.png,イオリ,https://bluearchive.wikiru.jp/?%E3%82%A4%E3%82%AA%E3%83%AA
80,イオリ（水着）,イオリ,水着,★3,SR,○,STRIKER,BACK,アタッカー,ゲヘナ,爆発,特殊装甲,3B,1S,5D,750,シューズ,バッジ,腕時計,◇,-,icon/イオリ（水着）.png,イオリ（水着）,https://bluearchive.wikiru.jp/?%E3%82%A4%E3%82%AA%E3%83%AA%EF%BC%88%E6%B0%B4%E7%9D%80%EF%BC%89
81,イズナ,イズナ,,★3,SMG,○,STRIKER,FRONT,アタッカー,百鬼夜行,神秘,軽装備,1S,3B,5D,450,グローブ,ヘアピン,腕時計,●,○,icon/イズナ.png,イズナ,https://bluearchive.wikiru.jp/?%E3%82%A4%E3%82%BA%E3%83%8A
82,イズナ（水着）,イズナ,水着,★3,SMG,○,STRIKER,FRONT,アタッカー,百鬼夜行,神秘,特殊装甲,5D,3B,1S,450,グローブ,ヘアピン,腕時計,◇,-,icon/イズナ（水着）.png,イズナ（水着）,https://bluearchive.wikiru.jp/?%E3%82%A4%E3%82%BA%E3%83%8A%EF%BC%88%E6%B0%B4%E7%9D%80%EF%BC%89
83,イズミ,イズミ,,★3,MG,×,STRIKER,BACK,アタッカー,ゲヘナ,爆発,軽装備,1S,5D,3B,750,グローブ,ヘアピン,腕時計,●,○,icon/イズミ.png,イズミ,https://bluearchive.wikiru.jp/?%E3%82%A4%E3%82%BA%E3%83%9F
84,イズミ（正月）,イズミ,正月,★3,MG,×,SPECIAL,BACK,サポーター,ゲヘナ,爆発,軽装備,1S,5D,3B,1000,シューズ,バッジ,ネックレス,○,-,icon/イズミ（正月）.png,イズミ（正月）,https://bluearchive.wikiru.jp/?%E3%82%A4%E3%82%BA%E3%83%9F%EF%BC%88%E6%AD%A3%E6%9C%88%EF%BC%89
85,イチカ,イチカ,,★3,AR,○,STRIKER,MIDDLE,アタッカー,トリニティ,振動,重装甲,1S,3B,5D,650,帽子,ヘアピン,腕時計,○,-,icon/イチカ.png,イチカ,https://bluearchive.wikiru.jp/?%E3%82%A4%E3%83%81%E3%82%AB
86,イブキ（水着）,イブキ,水着,★3,SR,×,SPECIAL,BACK,サポーター,ゲヘナ,爆発,特殊装甲,1S,2A,5D,1000,シューズ,バッジ,ネックレス,☆,-,icon/イブキ（水着）.png,イブキ（水着）,https://bluearchive.wikiru.jp/?%E3%82%A4%E3%83%96%E3%82%AD%EF%BC%88%E6%B0%B4%E7%9D%80%EF%BC%89
87,イロハ,イロハ,,★3,HG,×,SPECIAL,BACK,T.S,ゲヘナ,神秘,重装甲,5D,3B,1S,1000,帽子,バッジ,腕時計,○,-,icon/イロハ.png,イロハ,https://bluearchive.wikiru.jp/?%E3%82%A4%E3%83%AD%E3%83%8F
88,イロハ（水着）,イロハ,水着,★3,HG,○,STRIKER,MIDDLE,アタッカー,ゲヘナ,爆発,特殊装甲,1S,2A,5D,650,帽子,バッジ,腕時計,☆,-,icon/イロハ（水着）.png,イロハ（水着）,https://bluearchive.wikiru.jp/?%E3%82%A4%E3%83%AD%E3%83%8F%EF%BC%88%E6%B0%B4%E7%9D%80%EF%BC%89
89,ウイ,ウイ,,★3,SR,○,STRIKER,BACK,サポーター,トリニティ,爆発,軽装備,3B,1S,5D,750,グローブ,ヘアピン,お守り,○,-,icon/ウイ.png,ウイ,https://bluearchive.wikiru.jp/?%E3%82%A6%E3%82%A4
90,ウイ（水着）,ウイ,水着,★3,SR,○,STRIKER,BACK,サポーター,トリニティ,貫通,弾力装甲,3B,5D,1S,750,シューズ,ヘアピン,お守り,◇,-,icon/ウイ（水着）.png,ウイ（水着）,https://bluearchive.wikiru.jp/?%E3%82%A6%E3%82%A4%EF%BC%88%E6%B0%B4%E7%9D%80%EF%BC%89
91,ウタハ（応援団）,ウタハ,応援団,★3,SMG,×,STRIKER,FRONT,アタッカー,ミレニアム,神秘,特殊装甲,5D,3B,1S,450,帽子,ヘアピン,腕時計,○,-,icon/ウタハ（応援団）.png,ウタハ（応援団）,https://bluearchive.wikiru.jp/?%E3%82%A6%E3%82%BF%E3%83%8F%EF%BC%88%E5%BF%9C%E6%8F%B4%E5%9B%A3%EF%BC%89
92,ウミカ,ウミカ,,★3,AR,○,STRIKER,MIDDLE,アタッカー,百鬼夜行,神秘,特殊装甲,3B,1S,5D,650,帽子,ヘアピン,腕時計,○,-,icon/ウミカ_icon2.png,ウミカ_icon2,https://bluearchive.wikiru.jp/?%E3%82%A6%E3%83%9F%E3%82%AB
93,エイミ,エイミ,,★3,SG,×,STRIKER,FRONT,タンク,ミレニアム,爆発,軽装備,1S,3B,5D,350,シューズ,バッグ,お守り,●,○,icon/エイミ.png,エイミ,https://bluearchive.wikiru.jp/?%E3%82%A8%E3%82%A4%E3%83%9F
94,エイミ（水着）,エイミ,水着,★3,SG,×,SPECIAL,BACK,サポーター,ミレニアム,神秘,特殊装甲,5D,1S,3B,1000,シューズ,バッグ,ネックレス,○,-,icon/エイミ（水着）.png,エイミ（水着）,https://bluearchive.wikiru.jp/?%E3%82%A8%E3%82%A4%E3%83%9F%EF%BC%88%E6%B0%B4%E7%9D%80%EF%BC%89
95,エイミ（臨戦）,エイミ,臨戦,★3,SR,×,STRIKER,BACK,アタッカー,ミレニアム,爆発,軽装備,1S,3B,5D,750,グローブ,ヘアピン,腕時計,○,-,icon/エイミ（臨戦）.png,エイミ（臨戦）,https://bluearchive.wikiru.jp/?%E3%82%A8%E3%82%A4%E3%83%9F%EF%BC%88%E8%87%A8%E6%88%A6%EF%BC%89
96,エリ,エリ,,★3,SR,○,STRIKER,BACK,アタッカー,ワイルドハント,振動,特殊装甲,1S,3B,5D,750,帽子,ヘアピン,腕時計,○,-,icon/エリ.png,エリ,https://bluearchive.wikiru.jp/?%E3%82%A8%E3%83%AA
97,エリカ,エリカ,,★3,SG,×,SPECIAL,BACK,サポーター,ゲヘナ,振動,軽装備,1S,3B,5D,1000,シューズ,バッグ,ネックレス,○,-,icon/エリカ.png,エリカ,https://bluearchive.wikiru.jp/?%E3%82%A8%E3%83%AA%E3%82%AB
98,カエデ,カエデ,,★3,HG,×,SPECIAL,BACK,サポーター,百鬼夜行,爆発,特殊装甲,1S,5D,3B,1000,シューズ,バッグ,ネックレス,○,○,icon/カエデ_仮icon.png,カエデ_仮icon,https://bluearchive.wikiru.jp/?%E3%82%AB%E3%82%A8%E3%83%87
99,カズサ,カズサ,,★3,MG,×,STRIKER,BACK,アタッカー,トリニティ,貫通,重装甲,1S,5D,3B,750,グローブ,ヘアピン,腕時計,○,-,icon/カズサ_icon2.png,カズサ_icon2,https://bluearchive.wikiru.jp/?%E3%82%AB%E3%82%BA%E3%82%B5
100,カズサ（バンド）,カズサ,バンド,★3,MG,×,STRIKER,BACK,アタッカー,トリニティ,爆発,特殊装甲,3B,1S,5D,750,グローブ,ヘアピン,腕時計,◇,-,icon/カズサ（バンド）.png,カズサ（バンド）,https://bluearchive.wikiru.jp/?%E3%82%AB%E3%82%BA%E3%82%B5%EF%BC%88%E3%83%90%E3%83%B3%E3%83%89%EF%BC%89
101,カスミ,カスミ,,★3,HG,○,STRIKER,MIDDLE,アタッカー,ゲヘナ,振動,重装甲,1S,3B,5D,550,グローブ,ヘアピン,腕時計,○,-,icon/カスミ.png,カスミ,https://bluearchive.wikiru.jp/?%E3%82%AB%E3%82%B9%E3%83%9F
102,カノエ,カノエ,,★3,SG,×,STRIKER,FRONT,タンク,ワイルドハント,神秘,重装甲,5D,3B,1S,350,シューズ,バッグ,お守り,○,-,icon/カノエ.png,カノエ,https://bluearchive.wikiru.jp/?%E3%82%AB%E3%83%8E%E3%82%A8
103,カホ,カホ,,★3,AR,○,STRIKER,MIDDLE,アタッカー,百鬼夜行,神秘,重装甲,3B,1S,5D,650,帽子,ヘアピン,腕時計,○,-,icon/カホ.png,カホ,https://bluearchive.wikiru.jp/?%E3%82%AB%E3%83%9B
104,カヨコ（正月）,カヨコ,正月,★3,HG,○,STRIKER,MIDDLE,サポーター,ゲヘナ,神秘,特殊装甲,3B,5D,1S,550,シューズ,ヘアピン,お守り,○,-,icon/カヨコ（正月）.png,カヨコ（正月）,https://bluearchive.wikiru.jp/?%E3%82%AB%E3%83%A8%E3%82%B3%EF%BC%88%E6%AD%A3%E6%9C%88%EF%BC%89
105,カヨコ（ドレス）,カヨコ,ドレス,★3,HG,○,STRIKER,MIDDLE,アタッカー,ゲヘナ,貫通,軽装備,1S,3B,5D,550,帽子,ヘアピン,腕時計,○,-,icon/カヨコ（ドレス）.png,カヨコ（ドレス）,https://bluearchive.wikiru.jp/?%E3%82%AB%E3%83%A8%E3%82%B3%EF%BC%88%E3%83%89%E3%83%AC%E3%82%B9%EF%BC%89
106,カリン,カリン,,★3,SR,×,SPECIAL,BACK,アタッカー,ミレニアム,貫通,重装甲,5D,1S,3B,1000,帽子,ヘアピン,腕時計,●,○,icon/カリン.png,カリン,https://bluearchive.wikiru.jp/?%E3%82%AB%E3%83%AA%E3%83%B3
107,カリン（バニーガール）,カリン,バニーガール,★3,SR,○,STRIKER,BACK,アタッカー,ミレニアム,神秘,重装甲,5D,3B,1S,750,帽子,ヘアピン,腕時計,◇,-,icon/カリン（バニーガール）.png,カリン（バニーガール）,https://bluearchive.wikiru.jp/?%E3%82%AB%E3%83%AA%E3%83%B3%EF%BC%88%E3%83%90%E3%83%8B%E3%83%BC%E3%82%AC%E3%83%BC%E3%83%AB%EF%BC%89
108,カンナ,カンナ,,★3,HG,×,SPECIAL,BACK,アタッカー,ヴァルキューレ,貫通,重装甲,1S,5D,3B,1000,グローブ,バッジ,腕時計,○,-,icon/カンナ.png,カンナ,https://bluearchive.wikiru.jp/?%E3%82%AB%E3%83%B3%E3%83%8A
109,カンナ（水着）,カンナ,水着,★3,HG,○,STRIKER,MIDDLE,サポーター,ヴァルキューレ,爆発,軽装備,5D,1S,3B,550,シューズ,ヘアピン,お守り,○,-,icon/カンナ（水着）.png,カンナ（水着）,https://bluearchive.wikiru.jp/?%E3%82%AB%E3%83%B3%E3%83%8A%EF%BC%88%E6%B0%B4%E7%9D%80%EF%BC%89
110,キキョウ,キキョウ,,★3,SR,○,STRIKER,BACK,サポーター,百鬼夜行,振動,重装甲,1S,3B,5D,750,グローブ,ヘアピン,腕時計,○,-,icon/キキョウ.png,キキョウ,https://bluearchive.wikiru.jp/?%E3%82%AD%E3%82%AD%E3%83%A7%E3%82%A6
111,キキョウ（水着）,キキョウ,水着,★3,SR,×,SPECIAL,BACK,サポーター,百鬼夜行,振動,重装甲,1S,3B,5D,1000,シューズ,バッグ,お守り,○,-,icon/キキョウ（水着）.png,キキョウ（水着）,https://bluearchive.wikiru.jp/?%E3%82%AD%E3%82%AD%E3%83%A7%E3%82%A6%EF%BC%88%E6%B0%B4%E7%9D%80%EF%BC%89
112,キサキ,キサキ,,★3,SMG,×,SPECIAL,BACK,サポーター,山海経,振動,弾力装甲,3B,5D,1S,1000,シューズ,バッジ,ネックレス,○,-,icon/キサキ_icon_v2.png,キサキ_icon_v2,https://bluearchive.wikiru.jp/?%E3%82%AD%E3%82%B5%E3%82%AD
113,キサキ（水着）,キサキ,水着,★3,SMG,○,STRIKER,FRONT,サポーター,山海経,振動,弾力装甲,1S,5D,3B,550,グローブ,ヘアピン,ネックレス,○,-,icon/キサキ（水着）.png,キサキ（水着）,https://bluearchive.wikiru.jp/?%E3%82%AD%E3%82%B5%E3%82%AD%EF%BC%88%E6%B0%B4%E7%9D%80%EF%BC%89
114,キララ,キララ,,★3,AR,○,STRIKER,MIDDLE,アタッカー,ゲヘナ,振動,軽装備,1S,3B,5D,650,グローブ,バッジ,腕時計,○,-,icon/キララ.png,キララ,https://bluearchive.wikiru.jp/?%E3%82%AD%E3%83%A9%E3%83%A9
115,クルミ,クルミ,,★3,SMG,×,STRIKER,FRONT,タンク,SRT,爆発,軽装備,1S,3B,5D,350,シューズ,バッグ,ネックレス,◇,-,icon/クルミ.png,クルミ,https://bluearchive.wikiru.jp/?%E3%82%AF%E3%83%AB%E3%83%9F
116,ケイ,ケイ,,★3,RG,×,STRIKER,BACK,サポーター,ミレニアム,神秘,複合装甲,1S,5D,2A,850,シューズ,ヘアピン,腕時計,☆,-,icon/ケイ_icon2.png,ケイ_icon2,https://bluearchive.wikiru.jp/?%E3%82%B1%E3%82%A4
117,ココナ,ココナ,,★3,AR,○,STRIKER,MIDDLE,ヒーラー,山海経,貫通,特殊装甲,1S,3B,5D,650,シューズ,ヘアピン,ネックレス,○,-,icon/ココナ.png,ココナ,https://bluearchive.wikiru.jp/?%E3%82%B3%E3%82%B3%E3%83%8A
118,コタマ（キャンプ）,コタマ,キャンプ,★3,HG,○,STRIKER,MIDDLE,サポーター,ミレニアム,貫通,重装甲,3B,1S,5D,550,グローブ,バッジ,ネックレス,○,-,icon/コタマ（キャンプ）.png,コタマ（キャンプ）,https://bluearchive.wikiru.jp/?%E3%82%B3%E3%82%BF%E3%83%9E%EF%BC%88%E3%82%AD%E3%83%A3%E3%83%B3%E3%83%97%EF%BC%89
119,コトリ（応援団）,コトリ,応援団,★3,MG,×,STRIKER,BACK,アタッカー,ミレニアム,爆発,特殊装甲,5D,3B,1S,750,帽子,ヘアピン,腕時計,○,-,icon/コトリ（応援団）.png,コトリ（応援団）,https://bluearchive.wikiru.jp/?%E3%82%B3%E3%83%88%E3%83%AA%EF%BC%88%E5%BF%9C%E6%8F%B4%E5%9B%A3%EF%BC%89
120,コノカ,コノカ,,★3,SG,×,STRIKER,FRONT,タンク,ヴァルキューレ,神秘,軽装備,1S,3B,5D,350,シューズ,バッグ,お守り,○,-,icon/コノカ.png,コノカ,https://bluearchive.wikiru.jp/?%E3%82%B3%E3%83%8E%E3%82%AB
121,コハル,コハル,,★3,SR,○,STRIKER,BACK,ヒーラー,トリニティ,爆発,重装甲,5D,1S,3B,750,帽子,ヘアピン,ネックレス,●,○,icon/コハル.png,コハル,https://bluearchive.wikiru.jp/?%E3%82%B3%E3%83%8F%E3%83%AB
122,コユキ,コユキ,,★3,MG,×,STRIKER,BACK,アタッカー,ミレニアム,神秘,重装甲,1S,5D,3B,750,グローブ,ヘアピン,腕時計,○,-,icon/コユキ.png,コユキ,https://bluearchive.wikiru.jp/?%E3%82%B3%E3%83%A6%E3%82%AD
123,コユキ（パジャマ）,コユキ,パジャマ,★3,MG,×,SPECIAL,BACK,サポーター,ミレニアム,神秘,軽装備,1S,5D,3B,1000,シューズ,バッジ,腕時計,○,-,icon/コユキ（パジャマ）.png,コユキ（パジャマ）,https://bluearchive.wikiru.jp/?%E3%82%B3%E3%83%A6%E3%82%AD%EF%BC%88%E3%83%91%E3%82%B8%E3%83%A3%E3%83%9E%EF%BC%89
124,サオリ,サオリ,,★3,AR,○,STRIKER,MIDDLE,アタッカー,アリウス,爆発,特殊装甲,3B,5D,1S,650,帽子,ヘアピン,腕時計,○,-,icon/サオリ.png,サオリ,https://bluearchive.wikiru.jp/?%E3%82%B5%E3%82%AA%E3%83%AA
125,サオリ（水着）,サオリ,水着,★3,AR,○,STRIKER,MIDDLE,アタッカー,アリウス,神秘,重装甲,5D,1S,3B,650,グローブ,ヘアピン,腕時計,◇,-,icon/サオリ（水着）.png,サオリ（水着）,https://bluearchive.wikiru.jp/?%E3%82%B5%E3%82%AA%E3%83%AA%EF%BC%88%E6%B0%B4%E7%9D%80%EF%BC%89
126,サオリ（ドレス）,サオリ,ドレス,★3,AR,×,STRIKER,MIDDLE,アタッカー,アリウス,振動,軽装備,5D,3B,1S,650,帽子,ヘアピン,腕時計,○,-,icon/サオリ（ドレス）.png,サオリ（ドレス）,https://bluearchive.wikiru.jp/?%E3%82%B5%E3%82%AA%E3%83%AA%EF%BC%88%E3%83%89%E3%83%AC%E3%82%B9%EF%BC%89
127,サキ,サキ,,★3,MG,×,SPECIAL,BACK,アタッカー,SRT,貫通,特殊装甲,1S,5D,3B,1000,帽子,バッグ,ネックレス,○,-,icon/サキ_icon2.png,サキ_icon2,https://bluearchive.wikiru.jp/?%E3%82%B5%E3%82%AD
128,サキ（水着）,サキ,水着,★3,MG,×,STRIKER,BACK,サポーター,SRT,爆発,重装甲,5D,3B,1S,750,グローブ,ヘアピン,腕時計,○,-,icon/サキ（水着）.png,サキ（水着）,https://bluearchive.wikiru.jp/?%E3%82%B5%E3%82%AD%EF%BC%88%E6%B0%B4%E7%9D%80%EF%BC%89
129,サクラコ,サクラコ,,★3,AR,○,STRIKER,MIDDLE,アタッカー,トリニティ,神秘,特殊装甲,5D,1S,3B,650,帽子,ヘアピン,腕時計,○,-,icon/サクラコ_icon2.png,サクラコ_icon2,https://bluearchive.wikiru.jp/?%E3%82%B5%E3%82%AF%E3%83%A9%E3%82%B3
130,サクラコ（アイドル）,サクラコ,アイドル,★3,AR,○,STRIKER,MIDDLE,サポーター,トリニティ,爆発,重装甲,5D,1S,3B,650,グローブ,ヘアピン,腕時計,◇,-,icon/サクラコ（アイドル）.png,サクラコ（アイドル）,https://bluearchive.wikiru.jp/?%E3%82%B5%E3%82%AF%E3%83%A9%E3%82%B3%EF%BC%88%E3%82%A2%E3%82%A4%E3%83%89%E3%83%AB%EF%BC%89
131,サツキ,サツキ,,★3,HG,×,SPECIAL,BACK,アタッカー,ゲヘナ,爆発,重装甲,3B,1S,5D,1000,帽子,バッグ,腕時計,○,-,icon/サツキ.png,サツキ,https://bluearchive.wikiru.jp/?%E3%82%B5%E3%83%84%E3%82%AD
132,サツキ（水着）,サツキ,水着,★3,HG,○,STRIKER,MIDDLE,ヒーラー,ゲヘナ,振動,弾力装甲,1S,3B,5D,550,グローブ,ヘアピン,ネックレス,◇,-,icon/サツキ（水着）.png,サツキ（水着）,https://bluearchive.wikiru.jp/?%E3%82%B5%E3%83%84%E3%82%AD%EF%BC%88%E6%B0%B4%E7%9D%80%EF%BC%89
133,サヤ,サヤ,,★3,HG,×,SPECIAL,BACK,アタッカー,山海経,爆発,軽装備,3B,5D,1S,1000,グローブ,ヘアピン,腕時計,●,○,icon/サヤ.png,サヤ,https://bluearchive.wikiru.jp/?%E3%82%B5%E3%83%A4
134,サヤ（私服）,サヤ,私服,★3,HG,×,SPECIAL,BACK,アタッカー,山海経,貫通,特殊装甲,5D,1S,3B,1000,グローブ,ヘアピン,腕時計,●,○,icon/サヤ（私服）.png,サヤ（私服）,https://bluearchive.wikiru.jp/?%E3%82%B5%E3%83%A4%EF%BC%88%E7%A7%81%E6%9C%8D%EF%BC%89
135,シグレ,シグレ,,★3,GL,○,STRIKER,MIDDLE,アタッカー,レッドウィンター,爆発,重装甲,5D,1S,3B,650,グローブ,ヘアピン,腕時計,○,-,icon/シグレ.png,シグレ,https://bluearchive.wikiru.jp/?%E3%82%B7%E3%82%B0%E3%83%AC
136,シグレ（温泉）,シグレ,温泉,★3,GL,×,SPECIAL,BACK,ヒーラー,レッドウィンター,貫通,特殊装甲,3B,5D,1S,1000,シューズ,バッジ,ネックレス,○,-,icon/シグレ（温泉）.png,シグレ（温泉）,https://bluearchive.wikiru.jp/?%E3%82%B7%E3%82%B0%E3%83%AC%EF%BC%88%E6%B8%A9%E6%B3%89%EF%BC%89
137,ジュリ（アルバイト）,ジュリ,アルバイト,★3,SG,×,STRIKER,FRONT,タンク,ゲヘナ,神秘,軽装備,3B,1S,5D,350,シューズ,バッグ,お守り,○,-,icon/ジュリ（アルバイト）.png,ジュリ（アルバイト）,https://bluearchive.wikiru.jp/?%E3%82%B8%E3%83%A5%E3%83%AA%EF%BC%88%E3%82%A2%E3%83%AB%E3%83%90%E3%82%A4%E3%83%88%EF%BC%89
138,シュン,シュン,,★3,SR,○,STRIKER,BACK,アタッカー,山海経,爆発,軽装備,1S,3B,5D,750,グローブ,ヘアピン,腕時計,●,-,icon/シュン.png,シュン,https://bluearchive.wikiru.jp/?%E3%82%B7%E3%83%A5%E3%83%B3
139,シュン（幼女）,シュン,幼女,★3,SR,○,STRIKER,BACK,アタッカー,山海経,爆発,軽装備,1S,5D,3B,750,帽子,ヘアピン,腕時計,●,○,icon/シュン（幼女）.png,シュン（幼女）,https://bluearchive.wikiru.jp/?%E3%82%B7%E3%83%A5%E3%83%B3%EF%BC%88%E5%B9%BC%E5%A5%B3%EF%BC%89
140,シュン（水着）,シュン,水着,★3,SR,○,STRIKER,BACK,アタッカー,山海経,振動,軽装備,3B,1S,5D,750,帽子,ヘアピン,腕時計,○,-,icon/シュン（水着）.png,シュン（水着）,https://bluearchive.wikiru.jp/?%E3%82%B7%E3%83%A5%E3%83%B3%EF%BC%88%E6%B0%B4%E7%9D%80%EF%BC%89
141,シュン（水着）,シュン,水着,★3,SR,○,STRIKER,BACK,アタッカー,山海経,振動,軽装備,3B,1S,5D,750,帽子,ヘアピン,腕時計,○,-,icon/シュエリン（水着）.png,シュエリン（水着）,https://bluearchive.wikiru.jp/?%E3%82%B7%E3%83%A5%E3%83%B3%EF%BC%88%E6%B0%B4%E7%9D%80%EF%BC%89
142,シロコ,シロコ,,★3,AR,○,STRIKER,MIDDLE,アタッカー,アビドス,爆発,軽装備,1S,3B,5D,650,帽子,ヘアピン,腕時計,●,○,icon/シロコ.png,シロコ,https://bluearchive.wikiru.jp/?%E3%82%B7%E3%83%AD%E3%82%B3
143,シロコ（ライディング）,シロコ,ライディング,★3,AR,○,STRIKER,MIDDLE,アタッカー,アビドス,神秘,重装甲,1S,3B,5D,650,グローブ,バッジ,腕時計,●,○,icon/シロコ（ライディング）.png,シロコ（ライディング）,https://bluearchive.wikiru.jp/?%E3%82%B7%E3%83%AD%E3%82%B3%EF%BC%88%E3%83%A9%E3%82%A4%E3%83%87%E3%82%A3%E3%83%B3%E3%82%B0%EF%BC%89
144,シロコ（水着）,シロコ,水着,★3,AR,×,SPECIAL,BACK,アタッカー,アビドス,神秘,軽装備,3B,1S,5D,1000,帽子,バッグ,腕時計,○,-,icon/シロコ（水着）.png,シロコ（水着）,https://bluearchive.wikiru.jp/?%E3%82%B7%E3%83%AD%E3%82%B3%EF%BC%88%E6%B0%B4%E7%9D%80%EF%BC%89
145,シロコ＊テラー,シロコ＊テラー,,★3,AR,×,STRIKER,MIDDLE,アタッカー,アビドス,神秘,特殊装甲,5D,1S,2A,650,帽子,バッジ,腕時計,☆,-,icon/シロコ＊テラー.png,シロコ＊テラー,https://bluearchive.wikiru.jp/?%E3%82%B7%E3%83%AD%E3%82%B3%EF%BC%8A%E3%83%86%E3%83%A9%E3%83%BC
146,スズミ（マジカル）,スズミ,マジカル,★3,AR,○,STRIKER,MIDDLE,サポーター,トリニティ,振動,特殊装甲,1S,5D,3B,650,グローブ,ヘアピン,腕時計,◇,-,icon/スズミ（マジカル）.png,スズミ（マジカル）,https://bluearchive.wikiru.jp/?%E3%82%B9%E3%82%BA%E3%83%9F%EF%BC%88%E3%83%9E%E3%82%B8%E3%82%AB%E3%83%AB%EF%BC%89
147,スバル,スバル,,★3,AR,○,STRIKER,MIDDLE,アタッカー,アリウス,神秘,特殊装甲,1S,5D,3B,650,帽子,ヘアピン,腕時計,○,-,icon/スバル.png,スバル,https://bluearchive.wikiru.jp/?%E3%82%B9%E3%83%90%E3%83%AB
148,スミレ,スミレ,,★3,SG,×,STRIKER,FRONT,アタッカー,ミレニアム,貫通,特殊装甲,3B,5D,1S,450,帽子,バッグ,お守り,●,○,icon/スミレ.png,スミレ,https://bluearchive.wikiru.jp/?%E3%82%B9%E3%83%9F%E3%83%AC
149,スミレ（アルバイト）,スミレ,アルバイト,★3,SG,×,SPECIAL,BACK,サポーター,ミレニアム,貫通,軽装備,3B,1S,5D,1000,グローブ,バッグ,腕時計,○,-,icon/スミレ（アルバイト）.png,スミレ（アルバイト）,https://bluearchive.wikiru.jp/?%E3%82%B9%E3%83%9F%E3%83%AC%EF%BC%88%E3%82%A2%E3%83%AB%E3%83%90%E3%82%A4%E3%83%88%EF%BC%89
150,セイア,セイア,,★3,HG,○,STRIKER,MIDDLE,サポーター,トリニティ,貫通,弾力装甲,3B,5D,1S,550,シューズ,ヘアピン,ネックレス,◇,-,icon/セイア_icon_立ち絵準拠.png,セイア_icon_立ち絵準拠,https://bluearchive.wikiru.jp/?%E3%82%BB%E3%82%A4%E3%82%A2
151,セイア（水着）,セイア,水着,★3,HG,○,STRIKER,MIDDLE,サポーター,トリニティ,貫通,特殊装甲,1S,3B,5D,550,グローブ,ヘアピン,ネックレス,◇,-,icon/セイア（水着）.png,セイア（水着）,https://bluearchive.wikiru.jp/?%E3%82%BB%E3%82%A4%E3%82%A2%EF%BC%88%E6%B0%B4%E7%9D%80%EF%BC%89
152,セナ,セナ,,★3,GL,×,SPECIAL,BACK,T.S,ゲヘナ,神秘,軽装備,3B,1S,5D,1000,シューズ,ヘアピン,ネックレス,●,○,icon/セナ.png,セナ,https://bluearchive.wikiru.jp/?%E3%82%BB%E3%83%8A
153,セナ（私服）,セナ,私服,★3,GL,○,STRIKER,MIDDLE,ヒーラー,ゲヘナ,振動,重装甲,1S,3B,5D,650,グローブ,ヘアピン,ネックレス,○,-,icon/セナ（私服）.png,セナ（私服）,https://bluearchive.wikiru.jp/?%E3%82%BB%E3%83%8A%EF%BC%88%E7%A7%81%E6%9C%8D%EF%BC%89
154,セリカ（正月）,セリカ,正月,★3,AR,×,SPECIAL,BACK,サポーター,アビドス,貫通,特殊装甲,4C,4C,1S,1000,シューズ,バッグ,腕時計,●,○,icon/セリカ（正月）.png,セリカ（正月）,https://bluearchive.wikiru.jp/?%E3%82%BB%E3%83%AA%E3%82%AB%EF%BC%88%E6%AD%A3%E6%9C%88%EF%BC%89
155,セリカ（水着）,セリカ,水着,★3,AR,×,SPECIAL,BACK,アタッカー,アビドス,神秘,重装甲,5D,3B,1S,1000,グローブ,バッグ,腕時計,○,-,icon/セリカ（水着）.png,セリカ（水着）,https://bluearchive.wikiru.jp/?%E3%82%BB%E3%83%AA%E3%82%AB%EF%BC%88%E6%B0%B4%E7%9D%80%EF%BC%89
156,セリナ（クリスマス）,セリナ,クリスマス,★3,AR,○,STRIKER,MIDDLE,サポーター,トリニティ,貫通,特殊装甲,5D,1S,3B,650,シューズ,ヘアピン,お守り,○,-,icon/セリナ（クリスマス）.png,セリナ（クリスマス）,https://bluearchive.wikiru.jp/?%E3%82%BB%E3%83%AA%E3%83%8A%EF%BC%88%E3%82%AF%E3%83%AA%E3%82%B9%E3%83%9E%E3%82%B9%EF%BC%89
157,タカネ,タカネ,,★3,HG,○,STRIKER,MIDDLE,ヒーラー,レッドウィンター,神秘,軽装備,3B,5D,1S,550,シューズ,ヘアピン,ネックレス,○,-,icon/タカネ.png,タカネ,https://bluearchive.wikiru.jp/?%E3%82%BF%E3%82%AB%E3%83%8D
158,チアキ,チアキ,,★3,AR,○,STRIKER,MIDDLE,アタッカー,ゲヘナ,振動,特殊装甲,1S,5D,3B,650,帽子,ヘアピン,お守り,○,-,icon/チアキ.png,チアキ,https://bluearchive.wikiru.jp/?%E3%83%81%E3%82%A2%E3%82%AD
159,チェリノ,チェリノ,,★3,HG,○,STRIKER,MIDDLE,アタッカー,レッドウィンター,貫通,軽装備,3B,1S,5D,550,シューズ,バッジ,腕時計,●,○,icon/チェリノ.png,チェリノ,https://bluearchive.wikiru.jp/?%E3%83%81%E3%82%A7%E3%83%AA%E3%83%8E
160,チェリノ（温泉）,チェリノ,温泉,★3,HG,×,SPECIAL,BACK,T.S,レッドウィンター,爆発,重装甲,1S,3B,5D,1000,帽子,ヘアピン,腕時計,●,○,icon/チェリノ（温泉）.png,チェリノ（温泉）,https://bluearchive.wikiru.jp/?%E3%83%81%E3%82%A7%E3%83%AA%E3%83%8E%EF%BC%88%E6%B8%A9%E6%B3%89%EF%BC%89
161,チセ（水着）,チセ,水着,★3,GL,○,STRIKER,MIDDLE,サポーター,百鬼夜行,神秘,軽装備,3B,1S,5D,650,帽子,ヘアピン,ネックレス,◇,-,icon/チセ（水着）.png,チセ（水着）,https://bluearchive.wikiru.jp/?%E3%83%81%E3%82%BB%EF%BC%88%E6%B0%B4%E7%9D%80%EF%BC%89
162,チナツ（温泉）,チナツ,温泉,★3,HG,○,STRIKER,MIDDLE,サポーター,ゲヘナ,神秘,軽装備,5D,3B,1S,650,シューズ,バッジ,お守り,●,○,icon/チナツ（温泉）.png,チナツ（温泉）,https://bluearchive.wikiru.jp/?%E3%83%81%E3%83%8A%E3%83%84%EF%BC%88%E6%B8%A9%E6%B3%89%EF%BC%89
163,チヒロ,チヒロ,,★3,AR,×,SPECIAL,BACK,アタッカー,ミレニアム,貫通,重装甲,1S,5D,3B,1000,帽子,バッジ,ネックレス,●,○,icon/チヒロ.png,チヒロ,https://bluearchive.wikiru.jp/?%E3%83%81%E3%83%92%E3%83%AD
164,ツクヨ,ツクヨ,,★3,SMG,○,STRIKER,FRONT,タンク,百鬼夜行,神秘,軽装備,3B,5D,1S,350,シューズ,バッジ,お守り,○,○,icon/ツクヨ.png,ツクヨ,https://bluearchive.wikiru.jp/?%E3%83%84%E3%82%AF%E3%83%A8
165,ツクヨ（ドレス）,ツクヨ,ドレス,★3,SMG,×,STRIKER,FRONT,タンク,百鬼夜行,貫通,軽装備,5D,1S,3B,350,シューズ,バッジ,ネックレス,○,-,icon/ツクヨ（ドレス）.png,ツクヨ（ドレス）,https://bluearchive.wikiru.jp/?%E3%83%84%E3%82%AF%E3%83%A8%EF%BC%88%E3%83%89%E3%83%AC%E3%82%B9%EF%BC%89
166,ツバキ（ガイド）,ツバキ,ガイド,★3,SMG,×,SPECIAL,BACK,サポーター,百鬼夜行,貫通,重装甲,5D,1S,3B,1000,シューズ,バッジ,ネックレス,○,-,icon/ツバキ（ガイド）.png,ツバキ（ガイド）,https://bluearchive.wikiru.jp/?%E3%83%84%E3%83%90%E3%82%AD%EF%BC%88%E3%82%AC%E3%82%A4%E3%83%89%EF%BC%89
167,ツルギ,ツルギ,,★3,SG,×,STRIKER,FRONT,アタッカー,トリニティ,貫通,重装甲,5D,3B,1S,450,グローブ,バッグ,お守り,●,○,icon/ツルギ.png,ツルギ,https://bluearchive.wikiru.jp/?%E3%83%84%E3%83%AB%E3%82%AE
168,トキ,トキ,,★3,AR,×,STRIKER,MIDDLE,アタッカー,ミレニアム,爆発,弾力装甲,1S,5D,3B,650,帽子,ヘアピン,腕時計,◇,-,icon/トキ.png,トキ,https://bluearchive.wikiru.jp/?%E3%83%88%E3%82%AD
169,トキ（バニーガール）,トキ,バニーガール,★3,AR,○,STRIKER,MIDDLE,アタッカー,ミレニアム,爆発,軽装備,3B,1S,5D,650,帽子,ヘアピン,腕時計,○,-,icon/トキ（バニーガール）.png,トキ（バニーガール）,https://bluearchive.wikiru.jp/?%E3%83%88%E3%82%AD%EF%BC%88%E3%83%90%E3%83%8B%E3%83%BC%E3%82%AC%E3%83%BC%E3%83%AB%EF%BC%89
170,トモエ（チーパオ）,トモエ,チーパオ,★3,SR,×,SPECIAL,BACK,サポーター,レッドウィンター,神秘,特殊装甲,5D,3B,1S,1000,シューズ,バッジ,ネックレス,○,-,icon/トモエ（チーパオ）.png,トモエ（チーパオ）,https://bluearchive.wikiru.jp/?%E3%83%88%E3%83%A2%E3%82%A8%EF%BC%88%E3%83%81%E3%83%BC%E3%83%91%E3%82%AA%EF%BC%89
171,ナギサ,ナギサ,,★3,HG,×,SPECIAL,BACK,アタッカー,トリニティ,爆発,重装甲,5D,3B,1S,1000,帽子,バッグ,腕時計,◇,-,icon/ナギサ.png,ナギサ,https://bluearchive.wikiru.jp/?%E3%83%8A%E3%82%AE%E3%82%B5
172,ナギサ（水着）,ナギサ,水着,★3,HG,×,SPECIAL,BACK,サポーター,トリニティ,振動,弾力装甲,1S,2A,5D,1000,シューズ,バッグ,腕時計,☆,-,icon/ナギサ（水着）.png,ナギサ（水着）,https://bluearchive.wikiru.jp/?%E3%83%8A%E3%82%AE%E3%82%B5%EF%BC%88%E6%B0%B4%E7%9D%80%EF%BC%89
173,ナグサ,ナグサ,,★3,SR,×,STRIKER,BACK,アタッカー,百鬼夜行,振動,弾力装甲,1S,3B,5D,750,帽子,ヘアピン,腕時計,○,-,icon/ナグサ_icon2.png,ナグサ_icon2,https://bluearchive.wikiru.jp/?%E3%83%8A%E3%82%B0%E3%82%B5
174,ナグサ（水着）,ナグサ,水着,★3,SR,×,STRIKER,BACK,サポーター,百鬼夜行,爆発,重装甲,5D,1S,3B,750,グローブ,ヘアピン,腕時計,○,-,icon/ナグサ（水着）.png,ナグサ（水着）,https://bluearchive.wikiru.jp/?%E3%83%8A%E3%82%B0%E3%82%B5%EF%BC%88%E6%B0%B4%E7%9D%80%EF%BC%89
175,ナツ,ナツ,,★3,SMG,×,STRIKER,FRONT,タンク,トリニティ,神秘,重装甲,5D,3B,1S,350,シューズ,バッグ,お守り,●,○,icon/ナツ.png,ナツ,https://bluearchive.wikiru.jp/?%E3%83%8A%E3%83%84
176,ナツ（バンド）,ナツ,バンド,★3,SMG,○,STRIKER,FRONT,ヒーラー,トリニティ,爆発,特殊装甲,3B,1S,5D,550,グローブ,ヘアピン,ネックレス,○,-,icon/ナツ（バンド）.png,ナツ（バンド）,https://bluearchive.wikiru.jp/?%E3%83%8A%E3%83%84%EF%BC%88%E3%83%90%E3%83%B3%E3%83%89%EF%BC%89
177,ニコ,ニコ,,★3,SG,×,STRIKER,FRONT,サポーター,SRT,爆発,弾力装甲,1S,5D,3B,650,シューズ,ヘアピン,腕時計,◇,-,icon/ニコ.png,ニコ,https://bluearchive.wikiru.jp/?%E3%83%8B%E3%82%B3
178,ニヤ,ニヤ,,★3,HG,×,SPECIAL,BACK,アタッカー,百鬼夜行,振動,重装甲,1S,5D,3B,1000,帽子,ヘアピン,腕時計,○,-,icon/ニヤ.png,ニヤ,https://bluearchive.wikiru.jp/?%E3%83%8B%E3%83%A4
179,ネル,ネル,,★3,SMG,○,STRIKER,FRONT,アタッカー,ミレニアム,貫通,軽装備,5D,1S,3B,450,帽子,バッジ,お守り,●,○,icon/ネル.png,ネル,https://bluearchive.wikiru.jp/?%E3%83%8D%E3%83%AB
180,ネル（バニーガール）,ネル,バニーガール,★3,SMG,○,STRIKER,FRONT,タンク,ミレニアム,爆発,重装甲,3B,1S,5D,450,シューズ,バッグ,お守り,◇,-,icon/ネル（バニーガール）.png,ネル（バニーガール）,https://bluearchive.wikiru.jp/?%E3%83%8D%E3%83%AB%EF%BC%88%E3%83%90%E3%83%8B%E3%83%BC%E3%82%AC%E3%83%BC%E3%83%AB%EF%BC%89
181,ネル（制服）,ネル,制服,★3,SMG,○,STRIKER,FRONT,アタッカー,ミレニアム,貫通,弾力装甲,1S,2A,5D,550,帽子,バッグ,腕時計,☆,-,icon/ネル（制服）.png,ネル（制服）,https://bluearchive.wikiru.jp/?%E3%83%8D%E3%83%AB%EF%BC%88%E5%88%B6%E6%9C%8D%EF%BC%89
182,ノア,ノア,,★3,HG,○,STRIKER,MIDDLE,サポーター,ミレニアム,神秘,特殊装甲,5D,3B,1S,550,シューズ,ヘアピン,お守り,○,-,icon/ノア.png,ノア,https://bluearchive.wikiru.jp/?%E3%83%8E%E3%82%A2
183,ノア（パジャマ）,ノア,パジャマ,★3,HG,○,STRIKER,MIDDLE,アタッカー,ミレニアム,貫通,軽装備,3B,1S,5D,550,グローブ,ヘアピン,腕時計,○,-,icon/ノア（パジャマ）.png,ノア（パジャマ）,https://bluearchive.wikiru.jp/?%E3%83%8E%E3%82%A2%EF%BC%88%E3%83%91%E3%82%B8%E3%83%A3%E3%83%9E%EF%BC%89
184,ノゾミ,ノゾミ,,★3,HG,○,STRIKER,MIDDLE,アタッカー,ハイランダー,振動,軽装備,5D,3B,1S,550,帽子,ヘアピン,腕時計,◇,-,icon/ノゾミ.png,ノゾミ,https://bluearchive.wikiru.jp/?%E3%83%8E%E3%82%BE%E3%83%9F
185,ノドカ（温泉）,ノドカ,温泉,★3,SMG,×,SPECIAL,BACK,ヒーラー,レッドウィンター,爆発,特殊装甲,3B,5D,1S,1000,シューズ,ヘアピン,ネックレス,●,○,icon/ノドカ（温泉）.png,ノドカ（温泉）,https://bluearchive.wikiru.jp/?%E3%83%8E%E3%83%89%E3%82%AB%EF%BC%88%E6%B8%A9%E6%B3%89%EF%BC%89
186,ノノミ（水着）,ノノミ,水着,★3,MG,×,STRIKER,BACK,アタッカー,アビドス,爆発,特殊装甲,1S,5D,3B,750,帽子,ヘアピン,腕時計,○,-,icon/ノノミ（水着）.png,ノノミ（水着）,https://bluearchive.wikiru.jp/?%E3%83%8E%E3%83%8E%E3%83%9F%EF%BC%88%E6%B0%B4%E7%9D%80%EF%BC%89
187,ハスミ（水着）,ハスミ,水着,★3,SR,○,STRIKER,BACK,アタッカー,トリニティ,貫通,軽装備,5D,1S,3B,750,帽子,ヘアピン,腕時計,◇,-,icon/ハスミ（水着）.png,ハスミ（水着）,https://bluearchive.wikiru.jp/?%E3%83%8F%E3%82%B9%E3%83%9F%EF%BC%88%E6%B0%B4%E7%9D%80%EF%BC%89
188,ハナエ（クリスマス）,ハナエ,クリスマス,★3,AR,×,SPECIAL,BACK,ヒーラー,トリニティ,神秘,特殊装甲,3B,5D,1S,1000,シューズ,バッグ,ネックレス,○,-,icon/ハナエ（クリスマス）.png,ハナエ（クリスマス）,https://bluearchive.wikiru.jp/?%E3%83%8F%E3%83%8A%E3%82%A8%EF%BC%88%E3%82%AF%E3%83%AA%E3%82%B9%E3%83%9E%E3%82%B9%EF%BC%89
189,ハナコ（水着）,ハナコ,水着,★3,AR,○,STRIKER,MIDDLE,アタッカー,トリニティ,振動,重装甲,1S,2A,5D,650,帽子,ヘアピン,腕時計,★,-,icon/ハナコ（水着）.png,ハナコ（水着）,https://bluearchive.wikiru.jp/?%E3%83%8F%E3%83%8A%E3%82%B3%EF%BC%88%E6%B0%B4%E7%9D%80%EF%BC%89
190,ハルカ（正月）,ハルカ,正月,★3,SG,×,SPECIAL,BACK,サポーター,ゲヘナ,爆発,軽装備,4C,1S,4C,1000,シューズ,バッグ,腕時計,○,-,icon/ハルカ（正月）.png,ハルカ（正月）,https://bluearchive.wikiru.jp/?%E3%83%8F%E3%83%AB%E3%82%AB%EF%BC%88%E6%AD%A3%E6%9C%88%EF%BC%89
191,ハルカ（ドレス）,ハルカ,ドレス,★3,SG,×,STRIKER,FRONT,アタッカー,ゲヘナ,爆発,軽装備,1S,3B,5D,450,グローブ,ヘアピン,腕時計,○,-,icon/ハルカ（ドレス）.png,ハルカ（ドレス）,https://bluearchive.wikiru.jp/?%E3%83%8F%E3%83%AB%E3%82%AB%EF%BC%88%E3%83%89%E3%83%AC%E3%82%B9%EF%BC%89
192,ハルナ,ハルナ,,★3,SR,○,STRIKER,BACK,アタッカー,ゲヘナ,神秘,重装甲,1S,5D,3B,750,帽子,ヘアピン,腕時計,●,○,icon/ハルナ.png,ハルナ,https://bluearchive.wikiru.jp/?%E3%83%8F%E3%83%AB%E3%83%8A
193,ハルナ（正月）,ハルナ,正月,★3,SR,○,STRIKER,BACK,アタッカー,ゲヘナ,爆発,軽装備,5D,1S,3B,750,グローブ,ヘアピン,腕時計,◇,-,icon/ハルナ（正月）.png,ハルナ（正月）,https://bluearchive.wikiru.jp/?%E3%83%8F%E3%83%AB%E3%83%8A%EF%BC%88%E6%AD%A3%E6%9C%88%EF%BC%89
194,ハルナ（体操服）,ハルナ,体操服,★3,SR,×,SPECIAL,BACK,ヒーラー,ゲヘナ,振動,重装甲,1S,3B,5D,1000,シューズ,バッグ,ネックレス,○,-,icon/ハルナ（体操服）.png,ハルナ（体操服）,https://bluearchive.wikiru.jp/?%E3%83%8F%E3%83%AB%E3%83%8A%EF%BC%88%E4%BD%93%E6%93%8D%E6%9C%8D%EF%BC%89
195,ハレ（キャンプ）,ハレ,キャンプ,★3,AR,○,STRIKER,MIDDLE,サポーター,ミレニアム,爆発,軽装備,5D,1S,3B,650,帽子,ヘアピン,お守り,○,-,icon/ハレ（キャンプ）.png,ハレ（キャンプ）,https://bluearchive.wikiru.jp/?%E3%83%8F%E3%83%AC%EF%BC%88%E3%82%AD%E3%83%A3%E3%83%B3%E3%83%97%EF%BC%89
196,ヒカリ,ヒカリ,,★3,HG,○,STRIKER,MIDDLE,サポーター,ハイランダー,振動,軽装備,5D,3B,1S,550,グローブ,ヘアピン,お守り,◇,-,icon/ヒカリ.png,ヒカリ,https://bluearchive.wikiru.jp/?%E3%83%92%E3%82%AB%E3%83%AA
197,ヒナ,ヒナ,,★3,MG,×,STRIKER,BACK,アタッカー,ゲヘナ,爆発,重装甲,1S,4C,4C,750,帽子,ヘアピン,腕時計,●,○,icon/ヒナ.png,ヒナ,https://bluearchive.wikiru.jp/?%E3%83%92%E3%83%8A
198,ヒナ（水着）,ヒナ,水着,★3,MG,×,STRIKER,BACK,アタッカー,ゲヘナ,爆発,重装甲,3B,1S,5D,750,帽子,ヘアピン,腕時計,◇,-,icon/ヒナ（水着）.png,ヒナ（水着）,https://bluearchive.wikiru.jp/?%E3%83%92%E3%83%8A%EF%BC%88%E6%B0%B4%E7%9D%80%EF%BC%89
199,ヒナ（ドレス）,ヒナ,ドレス,★3,MG,×,STRIKER,BACK,アタッカー,ゲヘナ,爆発,弾力装甲,5D,2A,1S,750,帽子,バッジ,腕時計,★,-,icon/ヒナ（ドレス）.png,ヒナ（ドレス）,https://bluearchive.wikiru.jp/?%E3%83%92%E3%83%8A%EF%BC%88%E3%83%89%E3%83%AC%E3%82%B9%EF%BC%89
200,ヒナタ,ヒナタ,,★3,HG,○,STRIKER,MIDDLE,アタッカー,トリニティ,神秘,重装甲,5D,1S,3B,650,帽子,ヘアピン,腕時計,○,○,icon/ヒナタ.png,ヒナタ,https://bluearchive.wikiru.jp/?%E3%83%92%E3%83%8A%E3%82%BF
201,ヒナタ（水着）,ヒナタ,水着,★3,HG,×,SPECIAL,BACK,アタッカー,トリニティ,爆発,軽装備,5D,1S,3B,1000,帽子,バッグ,腕時計,◇,-,icon/ヒナタ（水着）.png,ヒナタ（水着）,https://bluearchive.wikiru.jp/?%E3%83%92%E3%83%8A%E3%82%BF%EF%BC%88%E6%B0%B4%E7%9D%80%EF%BC%89
202,ヒビキ,ヒビキ,,★3,MT,×,SPECIAL,BACK,アタッカー,ミレニアム,爆発,重装甲,1S,3B,3B,1000,帽子,ヘアピン,腕時計,●,○,icon/ヒビキ.png,ヒビキ,https://bluearchive.wikiru.jp/?%E3%83%92%E3%83%93%E3%82%AD
203,ヒフミ,ヒフミ,,★3,AR,○,STRIKER,MIDDLE,サポーター,トリニティ,貫通,軽装備,5D,1S,3B,650,シューズ,ヘアピン,ネックレス,●,○,icon/ヒフミ.png,ヒフミ,https://bluearchive.wikiru.jp/?%E3%83%92%E3%83%95%E3%83%9F
204,ヒフミ（水着）,ヒフミ,水着,★3,AR,×,SPECIAL,BACK,T.S,トリニティ,貫通,重装甲,5D,3B,1S,1000,帽子,ヘアピン,腕時計,●,○,icon/ヒフミ_水着.png,ヒフミ_水着,https://bluearchive.wikiru.jp/?%E3%83%92%E3%83%95%E3%83%9F%EF%BC%88%E6%B0%B4%E7%9D%80%EF%BC%89
205,ヒマリ,ヒマリ,,★3,HG,×,SPECIAL,BACK,サポーター,ミレニアム,貫通,軽装備,1S,3B,5D,1000,シューズ,ヘアピン,腕時計,○,-,icon/ヒマリ.png,ヒマリ,https://bluearchive.wikiru.jp/?%E3%83%92%E3%83%9E%E3%83%AA
206,ヒマリ（臨戦）,ヒマリ,臨戦,★3,HG,×,SPECIAL,BACK,T.S,ミレニアム,貫通,弾力装甲,3B,5D,1S,1000,シューズ,ヘアピン,ネックレス,◇,-,icon/ヒマリ（臨戦）.png,ヒマリ（臨戦）,https://bluearchive.wikiru.jp/?%E3%83%92%E3%83%9E%E3%83%AA%EF%BC%88%E8%87%A8%E6%88%A6%EF%BC%89
207,ヒヨリ,ヒヨリ,,★3,SR,×,SPECIAL,BACK,サポーター,アリウス,爆発,軽装備,3B,5D,1S,1000,グローブ,バッグ,腕時計,○,○,icon/ヒヨリ.png,ヒヨリ,https://bluearchive.wikiru.jp/?%E3%83%92%E3%83%A8%E3%83%AA
208,ヒヨリ（水着）,ヒヨリ,水着,★3,SR,○,STRIKER,BACK,アタッカー,アリウス,貫通,重装甲,5D,1S,3B,750,帽子,ヘアピン,腕時計,◇,-,icon/ヒヨリ（水着）.png,ヒヨリ（水着）,https://bluearchive.wikiru.jp/?%E3%83%92%E3%83%A8%E3%83%AA%EF%BC%88%E6%B0%B4%E7%9D%80%EF%BC%89
209,フィーナ（ガイド）,フィーナ,ガイド,★3,MG,×,SPECIAL,BACK,アタッカー,百鬼夜行,爆発,重装甲,5D,1S,3B,1000,帽子,ヘアピン,腕時計,○,-,icon/フィーナ（ガイド）.png,フィーナ（ガイド）,https://bluearchive.wikiru.jp/?%E3%83%95%E3%82%A3%E3%83%BC%E3%83%8A%EF%BC%88%E3%82%AC%E3%82%A4%E3%83%89%EF%BC%89
210,フウカ（正月）,フウカ,正月,★3,SMG,×,SPECIAL,BACK,サポーター,ゲヘナ,貫通,特殊装甲,3B,5D,1S,1000,シューズ,バッジ,ネックレス,◇,-,icon/フウカ（正月）.png,フウカ（正月）,https://bluearchive.wikiru.jp/?%E3%83%95%E3%82%A6%E3%82%AB%EF%BC%88%E6%AD%A3%E6%9C%88%EF%BC%89
211,フブキ（水着）,フブキ,水着,★3,SR,×,SPECIAL,BACK,アタッカー,ヴァルキューレ,爆発,重装甲,3B,1S,5D,1000,帽子,バッグ,腕時計,○,-,icon/フブキ（水着）.png,フブキ（水着）,https://bluearchive.wikiru.jp/?%E3%83%95%E3%83%96%E3%82%AD%EF%BC%88%E6%B0%B4%E7%9D%80%EF%BC%89
212,フユ,フユ,,★3,HG,○,STRIKER,MIDDLE,サポーター,ワイルドハント,振動,特殊装甲,1S,5D,3B,550,グローブ,バッジ,ネックレス,○,-,icon/フユ.png,フユ,https://bluearchive.wikiru.jp/?%E3%83%95%E3%83%A6
213,ホシノ,ホシノ,,★3,SG,×,STRIKER,FRONT,タンク,アビドス,貫通,重装甲,5D,1S,3B,350,シューズ,バッグ,お守り,●,○,icon/ホシノ.png,ホシノ,https://bluearchive.wikiru.jp/?%E3%83%9B%E3%82%B7%E3%83%8E
214,ホシノ（水着）,ホシノ,水着,★3,SG,×,STRIKER,FRONT,サポーター,アビドス,爆発,特殊装甲,1S,2A,5D,450,シューズ,バッグ,お守り,★,-,icon/ホシノ（水着）.png,ホシノ（水着）,https://bluearchive.wikiru.jp/?%E3%83%9B%E3%82%B7%E3%83%8E%EF%BC%88%E6%B0%B4%E7%9D%80%EF%BC%89
215,ホシノ（臨戦）,ホシノ,臨戦,★3,SG,×,STRIKER,FRONT,タンク,アビドス,神秘,重装甲,2A,1S,5D,350,帽子,バッグ,腕時計,☆,-,icon/ホシノ（臨戦）防御型.png,ホシノ（臨戦）防御型,https://bluearchive.wikiru.jp/?%E3%83%9B%E3%82%B7%E3%83%8E%EF%BC%88%E8%87%A8%E6%88%A6%EF%BC%89
216,ホシノ（臨戦）,ホシノ,臨戦,★3,SG,×,STRIKER,FRONT,アタッカー,アビドス,神秘,重装甲,2A,1S,5D,650,帽子,バッグ,腕時計,☆,-,icon/ホシノ（臨戦）攻撃型.png,ホシノ（臨戦）攻撃型,https://bluearchive.wikiru.jp/?%E3%83%9B%E3%82%B7%E3%83%8E%EF%BC%88%E8%87%A8%E6%88%A6%EF%BC%89
217,マキ,マキ,,★3,MG,×,STRIKER,BACK,アタッカー,ミレニアム,貫通,軽装備,4C,1S,4C,750,グローブ,ヘアピン,腕時計,●,○,icon/マキ.png,マキ,https://bluearchive.wikiru.jp/?%E3%83%9E%E3%82%AD
218,マキ（キャンプ）,マキ,キャンプ,★3,MG,×,SPECIAL,BACK,アタッカー,ミレニアム,爆発,重装甲,5D,1S,3B,1000,帽子,ヘアピン,腕時計,○,-,icon/マキ（キャンプ）.png,マキ（キャンプ）,https://bluearchive.wikiru.jp/?%E3%83%9E%E3%82%AD%EF%BC%88%E3%82%AD%E3%83%A3%E3%83%B3%E3%83%97%EF%BC%89
219,マコト,マコト,,★3,SR,×,SPECIAL,BACK,アタッカー,ゲヘナ,貫通,特殊装甲,5D,3B,1S,1000,グローブ,バッグ,腕時計,◇,-,icon/マコト.png,マコト,https://bluearchive.wikiru.jp/?%E3%83%9E%E3%82%B3%E3%83%88
220,マコト（水着）,マコト,水着,★3,SR,○,STRIKER,BACK,アタッカー,ゲヘナ,神秘,重装甲,3B,5D,1S,750,帽子,ヘアピン,腕時計,◇,-,icon/マコト（水着）.png,マコト（水着）,https://bluearchive.wikiru.jp/?%E3%83%9E%E3%82%B3%E3%83%88%EF%BC%88%E6%B0%B4%E7%9D%80%EF%BC%89
221,マシロ,マシロ,,★3,SR,×,SPECIAL,BACK,アタッカー,トリニティ,爆発,重装甲,3B,1S,5D,1000,帽子,ヘアピン,腕時計,●,○,icon/マシロ.png,マシロ,https://bluearchive.wikiru.jp/?%E3%83%9E%E3%82%B7%E3%83%AD
222,マシロ（水着）,マシロ,水着,★3,SR,×,SPECIAL,BACK,アタッカー,トリニティ,神秘,軽装備,3B,1S,5D,1000,帽子,ヘアピン,腕時計,◇,-,icon/マシロ_水着.png,マシロ_水着,https://bluearchive.wikiru.jp/?%E3%83%9E%E3%82%B7%E3%83%AD%EF%BC%88%E6%B0%B4%E7%9D%80%EF%BC%89
223,マリー（体操服）,マリー,体操服,★3,HG,○,STRIKER,MIDDLE,ヒーラー,トリニティ,神秘,特殊装甲,3B,5D,1S,550,シューズ,ヘアピン,ネックレス,◇,-,icon/マリー（体操服）.png,マリー（体操服）,https://bluearchive.wikiru.jp/?%E3%83%9E%E3%83%AA%E3%83%BC%EF%BC%88%E4%BD%93%E6%93%8D%E6%9C%8D%EF%BC%89
224,マリー（アイドル）,マリー,アイドル,★3,HG,○,STRIKER,MIDDLE,ヒーラー,トリニティ,爆発,重装甲,5D,1S,3B,550,シューズ,ヘアピン,ネックレス,◇,-,icon/マリー（アイドル）.png,マリー（アイドル）,https://bluearchive.wikiru.jp/?%E3%83%9E%E3%83%AA%E3%83%BC%EF%BC%88%E3%82%A2%E3%82%A4%E3%83%89%E3%83%AB%EF%BC%89
225,マリナ,マリナ,,★3,SMG,○,STRIKER,FRONT,タンク,レッドウィンター,貫通,軽装備,5D,3B,1S,350,シューズ,バッジ,お守り,○,-,icon/マリナ_仮icon.png,マリナ_仮icon,https://bluearchive.wikiru.jp/?%E3%83%9E%E3%83%AA%E3%83%8A
226,マリナ（チーパオ）,マリナ,チーパオ,★3,SMG,○,STRIKER,FRONT,アタッカー,レッドウィンター,貫通,重装甲,5D,1S,3B,550,グローブ,ヘアピン,腕時計,○,-,icon/マリナ（チーパオ）.png,マリナ（チーパオ）,https://bluearchive.wikiru.jp/?%E3%83%9E%E3%83%AA%E3%83%8A%EF%BC%88%E3%83%81%E3%83%BC%E3%83%91%E3%82%AA%EF%BC%89
227,ミカ,ミカ,,★3,SMG,○,STRIKER,FRONT,アタッカー,トリニティ,貫通,軽装備,5D,2A,1S,450,帽子,バッジ,腕時計,★,-,icon/ミカ.png,ミカ,https://bluearchive.wikiru.jp/?%E3%83%9F%E3%82%AB
228,ミカ（水着）,ミカ,水着,★3,SMG,○,STRIKER,FRONT,アタッカー,トリニティ,振動,特殊装甲,1S,2A,5D,550,帽子,ヘアピン,腕時計,☆,-,icon/ミカ（水着）.png,ミカ（水着）,https://bluearchive.wikiru.jp/?%E3%83%9F%E3%82%AB%EF%BC%88%E6%B0%B4%E7%9D%80%EF%BC%89
229,ミサキ,ミサキ,,★3,RL,○,STRIKER,BACK,アタッカー,アリウス,爆発,特殊装甲,3B,5D,1S,850,グローブ,ヘアピン,腕時計,○,○,icon/ミサキ.png,ミサキ,https://bluearchive.wikiru.jp/?%E3%83%9F%E3%82%B5%E3%82%AD
230,ミサキ（水着）,ミサキ,水着,★3,RL,×,SPECIAL,BACK,アタッカー,アリウス,爆発,特殊装甲,5D,3B,1S,1000,帽子,バッグ,腕時計,○,-,icon/ミサキ（水着）.png,ミサキ（水着）,https://bluearchive.wikiru.jp/?%E3%83%9F%E3%82%B5%E3%82%AD%EF%BC%88%E6%B0%B4%E7%9D%80%EF%BC%89
231,ミチル（ドレス）,ミチル,ドレス,★3,SG,×,SPECIAL,BACK,ヒーラー,百鬼夜行,爆発,軽装備,5D,3B,1S,1000,シューズ,ヘアピン,ネックレス,○,-,icon/ミチル（ドレス）.png,ミチル（ドレス）,https://bluearchive.wikiru.jp/?%E3%83%9F%E3%83%81%E3%83%AB%EF%BC%88%E3%83%89%E3%83%AC%E3%82%B9%EF%BC%89
232,ミドリ,ミドリ,,★3,SR,○,STRIKER,BACK,アタッカー,ミレニアム,貫通,軽装備,3B,1S,5D,750,グローブ,ヘアピン,腕時計,●,○,icon/ミドリ.png,ミドリ,https://bluearchive.wikiru.jp/?%E3%83%9F%E3%83%89%E3%83%AA
233,ミドリ（メイド）,ミドリ,メイド,★3,SR,○,STRIKER,BACK,アタッカー,ミレニアム,振動,軽装備,5D,1S,3B,750,帽子,ヘアピン,腕時計,○,-,icon/ミドリ（メイド）.png,ミドリ（メイド）,https://bluearchive.wikiru.jp/?%E3%83%9F%E3%83%89%E3%83%AA%EF%BC%88%E3%83%A1%E3%82%A4%E3%83%89%EF%BC%89
234,ミナ,ミナ,,★3,HG,○,STRIKER,MIDDLE,サポーター,山海経,爆発,重装甲,5D,3B,1S,550,グローブ,ヘアピン,お守り,○,-,icon/ミナ.png,ミナ,https://bluearchive.wikiru.jp/?%E3%83%9F%E3%83%8A
235,ミネ,ミネ,,★3,SG,×,STRIKER,FRONT,タンク,トリニティ,爆発,軽装備,3B,1S,5D,350,シューズ,バッグ,お守り,○,-,icon/ミネ.png,ミネ,https://bluearchive.wikiru.jp/?%E3%83%9F%E3%83%8D
236,ミノリ,ミノリ,,★3,AR,×,SPECIAL,BACK,アタッカー,レッドウィンター,爆発,特殊装甲,5D,3B,1S,1000,帽子,バッグ,腕時計,○,-,icon/ミノリ.png,ミノリ,https://bluearchive.wikiru.jp/?%E3%83%9F%E3%83%8E%E3%83%AA
237,ミモリ,ミモリ,,★3,HG,○,STRIKER,MIDDLE,サポーター,百鬼夜行,神秘,軽装備,1S,5D,3B,550,グローブ,バッグ,ネックレス,○,○,icon/ミモリ_仮icon.png,ミモリ_仮icon,https://bluearchive.wikiru.jp/?%E3%83%9F%E3%83%A2%E3%83%AA
238,ミモリ（水着）,ミモリ,水着,★3,HG,×,SPECIAL,BACK,サポーター,百鬼夜行,神秘,特殊装甲,3B,5D,1S,1000,シューズ,バッジ,ネックレス,○,-,icon/ミモリ（水着）.png,ミモリ（水着）,https://bluearchive.wikiru.jp/?%E3%83%9F%E3%83%A2%E3%83%AA%EF%BC%88%E6%B0%B4%E7%9D%80%EF%BC%89
239,ミヤコ,ミヤコ,,★3,SMG,○,STRIKER,FRONT,タンク,SRT,貫通,重装甲,1S,5D,3B,350,シューズ,バッジ,お守り,○,○,icon/ミヤコ.png,ミヤコ,https://bluearchive.wikiru.jp/?%E3%83%9F%E3%83%A4%E3%82%B3
240,ミヤコ（水着）,ミヤコ,水着,★3,SMG,○,STRIKER,FRONT,タンク,SRT,爆発,重装甲,5D,3B,1S,350,グローブ,バッジ,お守り,○,-,icon/ミヤコ（水着）.png,ミヤコ（水着）,https://bluearchive.wikiru.jp/?%E3%83%9F%E3%83%A4%E3%82%B3%EF%BC%88%E6%B0%B4%E7%9D%80%EF%BC%89
241,ミユ,ミユ,,★3,SR,○,STRIKER,BACK,サポーター,SRT,貫通,軽装備,1S,3B,5D,750,グローブ,ヘアピン,腕時計,○,-,icon/ミユ.png,ミユ,https://bluearchive.wikiru.jp/?%E3%83%9F%E3%83%A6
242,ミヨ,ミヨ,,★3,SR,○,STRIKER,BACK,サポーター,ワイルドハント,振動,弾力装甲,1S,5D,3B,750,グローブ,ヘアピン,腕時計,○,-,icon/ミヨ.png,ミヨ,https://bluearchive.wikiru.jp/?%E3%83%9F%E3%83%A8
243,ムツキ（正月）,ムツキ,正月,★3,MG,×,STRIKER,BACK,アタッカー,ゲヘナ,神秘,重装甲,5D,1S,3B,750,グローブ,バッジ,腕時計,◇,-,icon/ムツキ（正月）.png,ムツキ（正月）,https://bluearchive.wikiru.jp/?%E3%83%A0%E3%83%84%E3%82%AD%EF%BC%88%E6%AD%A3%E6%9C%88%EF%BC%89
244,ムツキ（ドレス）,ムツキ,ドレス,★3,MG,×,SPECIAL,BACK,アタッカー,ゲヘナ,神秘,重装甲,3B,1S,5D,1000,帽子,ヘアピン,腕時計,○,-,icon/ムツキ（ドレス）.png,ムツキ（ドレス）,https://bluearchive.wikiru.jp/?%E3%83%A0%E3%83%84%E3%82%AD%EF%BC%88%E3%83%89%E3%83%AC%E3%82%B9%EF%BC%89
245,メグ,メグ,,★3,FT,×,STRIKER,FRONT,アタッカー,ゲヘナ,爆発,特殊装甲,5D,1S,3B,450,グローブ,バッグ,腕時計,○,-,icon/メグ.png,メグ,https://bluearchive.wikiru.jp/?%E3%83%A1%E3%82%B0
246,メル,メル,,★3,HG,○,STRIKER,MIDDLE,アタッカー,レッドウィンター,貫通,軽装備,3B,1S,5D,550,シューズ,ヘアピン,腕時計,○,-,icon/メル_icon2.png,メル_icon2,https://bluearchive.wikiru.jp/?%E3%83%A1%E3%83%AB
247,モエ,モエ,,★3,HG,×,SPECIAL,BACK,アタッカー,SRT,貫通,軽装備,5D,3B,1S,1000,帽子,バッグ,腕時計,○,-,icon/モエ.png,モエ,https://bluearchive.wikiru.jp/?%E3%83%A2%E3%82%A8
248,モエ（水着）,モエ,水着,★3,HG,○,STRIKER,MIDDLE,アタッカー,SRT,振動,特殊装甲,5D,3B,1S,550,シューズ,ヘアピン,腕時計,○,-,icon/モエ（水着）.png,モエ（水着）,https://bluearchive.wikiru.jp/?%E3%83%A2%E3%82%A8%EF%BC%88%E6%B0%B4%E7%9D%80%EF%BC%89
249,モモイ（メイド）,モモイ,メイド,★3,AR,○,STRIKER,MIDDLE,アタッカー,ミレニアム,振動,軽装備,5D,1S,3B,650,帽子,ヘアピン,腕時計,○,-,icon/モモイ（メイド）.png,モモイ（メイド）,https://bluearchive.wikiru.jp/?%E3%83%A2%E3%83%A2%E3%82%A4%EF%BC%88%E3%83%A1%E3%82%A4%E3%83%89%EF%BC%89
250,ヤクモ,ヤクモ,,★3,HG,×,SPECIAL,BACK,サポーター,レッドウィンター,爆発,軽装備,1S,3B,5D,1000,シューズ,バッジ,ネックレス,○,-,icon/ヤクモ.png,ヤクモ,https://bluearchive.wikiru.jp/?%E3%83%A4%E3%82%AF%E3%83%A2
251,ユウカ（体操服）,ユウカ,体操服,★3,SMG,○,STRIKER,FRONT,タンク,ミレニアム,神秘,特殊装甲,3B,5D,1S,450,シューズ,バッグ,ネックレス,◇,-,icon/ユウカ（体操服）.png,ユウカ（体操服）,https://bluearchive.wikiru.jp/?%E3%83%A6%E3%82%A6%E3%82%AB%EF%BC%88%E4%BD%93%E6%93%8D%E6%9C%8D%EF%BC%89
252,ユウカ（パジャマ）,ユウカ,パジャマ,★3,SMG,○,STRIKER,FRONT,タンク,ミレニアム,爆発,重装甲,5D,1S,3B,450,シューズ,バッグ,ネックレス,○,-,icon/ユウカ（パジャマ）.png,ユウカ（パジャマ）,https://bluearchive.wikiru.jp/?%E3%83%A6%E3%82%A6%E3%82%AB%EF%BC%88%E3%83%91%E3%82%B8%E3%83%A3%E3%83%9E%EF%BC%89
253,ユカリ,ユカリ,,★3,SR,×,STRIKER,BACK,アタッカー,百鬼夜行,振動,重装甲,1S,3B,5D,750,帽子,ヘアピン,腕時計,○,-,icon/ユカリ.png,ユカリ,https://bluearchive.wikiru.jp/?%E3%83%A6%E3%82%AB%E3%83%AA
254,ユカリ（水着）,ユカリ,水着,★3,SR,○,STRIKER,BACK,アタッカー,百鬼夜行,貫通,軽装備,5D,3B,1S,750,帽子,ヘアピン,腕時計,○,-,icon/ユカリ（水着）.png,ユカリ（水着）,https://bluearchive.wikiru.jp/?%E3%83%A6%E3%82%AB%E3%83%AA%EF%BC%88%E6%B0%B4%E7%9D%80%EF%BC%89
255,ユズ,ユズ,,★3,GL,○,STRIKER,MIDDLE,アタッカー,ミレニアム,貫通,特殊装甲,1S,3B,5D,650,帽子,ヘアピン,腕時計,●,○,icon/ユズ.png,ユズ,https://bluearchive.wikiru.jp/?%E3%83%A6%E3%82%BA
256,ユズ（臨戦）,ユズ,臨戦,★3,GL,×,SPECIAL,BACK,サポーター,ミレニアム,神秘,特殊装甲,1S,5D,3B,1000,シューズ,バッジ,腕時計,○,-,icon/ユズ（臨戦）.png,ユズ（臨戦）,https://bluearchive.wikiru.jp/?%E3%83%A6%E3%82%BA%EF%BC%88%E8%87%A8%E6%88%A6%EF%BC%89
257,ヨシミ（バンド）,ヨシミ,バンド,★3,AR,○,STRIKER,MIDDLE,アタッカー,トリニティ,爆発,特殊装甲,3B,1S,5D,650,帽子,ヘアピン,腕時計,◇,-,icon/ヨシミ（バンド）.png,ヨシミ（バンド）,https://bluearchive.wikiru.jp/?%E3%83%A8%E3%82%B7%E3%83%9F%EF%BC%88%E3%83%90%E3%83%B3%E3%83%89%EF%BC%89
258,リオ,リオ,,★3,HG,×,SPECIAL,BACK,サポーター,ミレニアム,神秘,弾力装甲,2A,5D,1S,1000,シューズ,ヘアピン,腕時計,☆,-,icon/リオ.png,リオ,https://bluearchive.wikiru.jp/?%E3%83%AA%E3%82%AA
259,リオ（臨戦）,リオ,臨戦,★3,HG,○,STRIKER,MIDDLE,アタッカー,ミレニアム,爆発,特殊装甲,1S,3B,5D,550,帽子,ヘアピン,腕時計,◇,-,icon/リオ（臨戦）.png,リオ（臨戦）,https://bluearchive.wikiru.jp/?%E3%83%AA%E3%82%AA%EF%BC%88%E8%87%A8%E6%88%A6%EF%BC%89
260,リツ,リツ,,★3,SMG,×,SPECIAL,BACK,サポーター,ワイルドハント,神秘,特殊装甲,1S,5D,3B,1000,シューズ,ヘアピン,ネックレス,○,-,icon/リツ.png,リツ,https://bluearchive.wikiru.jp/?%E3%83%AA%E3%83%84
261,ルミ,ルミ,,★3,SMG,○,STRIKER,FRONT,ヒーラー,山海経,爆発,重装甲,4C,4C,1S,550,グローブ,ヘアピン,ネックレス,○,-,icon/ルミ.png,ルミ,https://bluearchive.wikiru.jp/?%E3%83%AB%E3%83%9F
262,レイ,レイ,,★3,RL,○,STRIKER,BACK,アタッカー,ミレニアム,振動,軽装備,3B,5D,1S,850,帽子,ヘアピン,腕時計,○,-,icon/レイ.png,レイ,https://bluearchive.wikiru.jp/?%E3%83%AC%E3%82%A4
263,レイサ,レイサ,,★3,SG,×,STRIKER,FRONT,タンク,トリニティ,貫通,重装甲,5D,3B,1S,350,シューズ,バッグ,お守り,○,-,icon/レイサ.png,レイサ,https://bluearchive.wikiru.jp/?%E3%83%AC%E3%82%A4%E3%82%B5
264,レイサ（マジカル）,レイサ,マジカル,★3,SG,×,SPECIAL,BACK,ヒーラー,トリニティ,振動,特殊装甲,1S,5D,3B,1000,シューズ,バッグ,ネックレス,◇,-,icon/レイサ（マジカル）.png,レイサ（マジカル）,https://bluearchive.wikiru.jp/?%E3%83%AC%E3%82%A4%E3%82%B5%EF%BC%88%E3%83%9E%E3%82%B8%E3%82%AB%E3%83%AB%EF%BC%89
265,レイジョ,レイジョ,,★3,AR,○,STRIKER,MIDDLE,サポーター,山海経,神秘,重装甲,5D,1S,3B,650,グローブ,ヘアピン,腕時計,○,-,icon/レイジョ.png,レイジョ,https://bluearchive.wikiru.jp/?%E3%83%AC%E3%82%A4%E3%82%B8%E3%83%A7
266,レナ,レナ,,★3,HG,○,STRIKER,MIDDLE,サポーター,ワイルドハント,爆発,軽装備,3B,5D,1S,550,シューズ,ヘアピン,ネックレス,○,-,icon/レナ.png,レナ,https://bluearchive.wikiru.jp/?%E3%83%AC%E3%83%8A
267,レンゲ,レンゲ,,★3,SR,○,STRIKER,BACK,アタッカー,百鬼夜行,振動,重装甲,1S,3B,5D,750,帽子,ヘアピン,腕時計,○,-,icon/レンゲ.png,レンゲ,https://bluearchive.wikiru.jp/?%E3%83%AC%E3%83%B3%E3%82%B2
268,ワカモ,ワカモ,,★3,SR,○,STRIKER,BACK,アタッカー,百鬼夜行,神秘,軽装備,2A,5D,1S,750,帽子,ヘアピン,腕時計,★,-,icon/ワカモ.png,ワカモ,https://bluearchive.wikiru.jp/?%E3%83%AF%E3%82%AB%E3%83%A2
269,ワカモ（水着）,ワカモ,水着,★3,SR,○,STRIKER,BACK,アタッカー,百鬼夜行,貫通,重装甲,1S,5D,3B,750,帽子,ヘアピン,腕時計,○,○,icon/ワカモ（水着）.png,ワカモ（水着）,https://bluearchive.wikiru.jp/?%E3%83%AF%E3%82%AB%E3%83%A2%EF%BC%88%E6%B0%B4%E7%9D%80%EF%BC%89
270,御坂美琴,御坂美琴,,★3,AR,○,STRIKER,MIDDLE,アタッカー,常盤台中学,貫通,重装甲,5D,1S,3B,650,グローブ,ヘアピン,腕時計,▽,-,icon/御坂美琴.png,御坂美琴,https://bluearchive.wikiru.jp/?%E5%BE%A1%E5%9D%82%E7%BE%8E%E7%90%B4
271,初音ミク,初音ミク,,★3,GL,×,SPECIAL,BACK,サポーター,その他,爆発,軽装備,1S,5D,3B,1000,シューズ,バッジ,ネックレス,▽,-,icon/初音ミク.png,初音ミク,https://bluearchive.wikiru.jp/?%E5%88%9D%E9%9F%B3%E3%83%9F%E3%82%AF
272,食蜂操祈,食蜂操祈,,★3,HG,○,STRIKER,MIDDLE,サポーター,常盤台中学,爆発,重装甲,1S,4C,4C,550,シューズ,ヘアピン,ネックレス,▽,-,icon/食蜂操祈.png,食蜂操祈,https://bluearchive.wikiru.jp/?%E9%A3%9F%E8%9C%82%E6%93%8D%E7%A5%88
